40	40	HZJ_el8_amd64_gcc12_CMSSW_14_0_21_HZJ_40.tgz	HZJ_el8_amd64_gcc12_CMSSW_14_0_21_HZJ_40.tgz
40	40	HZJ_el8_amd64_gcc12_CMSSW_14_0_21_HZJ_40.tgz	HZJ_el8_amd64_gcc12_CMSSW_14_0_21_HZJ_40.tgz
40	40	HZJ_el8_amd64_gcc12_CMSSW_14_0_21_HZJ_40.tgz	HZJ_el8_amd64_gcc12_CMSSW_14_0_21_HZJ_40.tgz
40	40	HZJ_el8_amd64_gcc12_CMSSW_14_0_21_HZJ_40.tgz	HZJ_el8_amd64_gcc12_CMSSW_14_0_21_HZJ_40.tgz
40	40	HZJ_el8_amd64_gcc12_CMSSW_14_0_21_HZJ_40.tgz	HZJ_el8_amd64_gcc12_CMSSW_14_0_21_HZJ_40.tgz
40	40	HZJ_el8_amd64_gcc12_CMSSW_14_0_21_HZJ_40.tgz	HZJ_el8_amd64_gcc12_CMSSW_14_0_21_HZJ_40.tgz
40	40	HZJ_el8_amd64_gcc12_CMSSW_14_0_21_HZJ_40.tgz	HZJ_el8_amd64_gcc12_CMSSW_14_0_21_HZJ_40.tgz
40	40	HZJ_el8_amd64_gcc12_CMSSW_14_0_21_HZJ_40.tgz	HZJ_el8_amd64_gcc12_CMSSW_14_0_21_HZJ_40.tgz
40	41	HZJ_el8_amd64_gcc12_CMSSW_14_0_21_HZJ_40.tgz	HZJ_el8_amd64_gcc12_CMSSW_14_0_21_HZJ_41.tgz
40	41	HZJ_el8_amd64_gcc12_CMSSW_14_0_21_HZJ_40.tgz	HZJ_el8_amd64_gcc12_CMSSW_14_0_21_HZJ_41.tgz
40	41	HZJ_el8_amd64_gcc12_CMSSW_14_0_21_HZJ_40.tgz	HZJ_el8_amd64_gcc12_CMSSW_14_0_21_HZJ_41.tgz
40	41	HZJ_el8_amd64_gcc12_CMSSW_14_0_21_HZJ_40.tgz	HZJ_el8_amd64_gcc12_CMSSW_14_0_21_HZJ_41.tgz
41	41	HZJ_el8_amd64_gcc12_CMSSW_14_0_21_HZJ_41.tgz	HZJ_el8_amd64_gcc12_CMSSW_14_0_21_HZJ_41.tgz
41	41	HZJ_el8_amd64_gcc12_CMSSW_14_0_21_HZJ_41.tgz	HZJ_el8_amd64_gcc12_CMSSW_14_0_21_HZJ_41.tgz
41	41	HZJ_el8_amd64_gcc12_CMSSW_14_0_21_HZJ_41.tgz	HZJ_el8_amd64_gcc12_CMSSW_14_0_21_HZJ_41.tgz
41	42	HZJ_el8_amd64_gcc12_CMSSW_14_0_21_HZJ_41.tgz	HZJ_el8_amd64_gcc12_CMSSW_14_0_21_HZJ_42.tgz
41	42	HZJ_el8_amd64_gcc12_CMSSW_14_0_21_HZJ_41.tgz	HZJ_el8_amd64_gcc12_CMSSW_14_0_21_HZJ_42.tgz
41	42	HZJ_el8_amd64_gcc12_CMSSW_14_0_21_HZJ_41.tgz	HZJ_el8_amd64_gcc12_CMSSW_14_0_21_HZJ_42.tgz
41	42	HZJ_el8_amd64_gcc12_CMSSW_14_0_21_HZJ_41.tgz	HZJ_el8_amd64_gcc12_CMSSW_14_0_21_HZJ_42.tgz
41	42	HZJ_el8_amd64_gcc12_CMSSW_14_0_21_HZJ_41.tgz	HZJ_el8_amd64_gcc12_CMSSW_14_0_21_HZJ_42.tgz
41	42	HZJ_el8_amd64_gcc12_CMSSW_14_0_21_HZJ_41.tgz	HZJ_el8_amd64_gcc12_CMSSW_14_0_21_HZJ_42.tgz
41	42	HZJ_el8_amd64_gcc12_CMSSW_14_0_21_HZJ_41.tgz	HZJ_el8_amd64_gcc12_CMSSW_14_0_21_HZJ_42.tgz
41	43	HZJ_el8_amd64_gcc12_CMSSW_14_0_21_HZJ_41.tgz	HZJ_el8_amd64_gcc12_CMSSW_14_0_21_HZJ_43.tgz
42	43	HZJ_el8_amd64_gcc12_CMSSW_14_0_21_HZJ_42.tgz	HZJ_el8_amd64_gcc12_CMSSW_14_0_21_HZJ_43.tgz
42	43	HZJ_el8_amd64_gcc12_CMSSW_14_0_21_HZJ_42.tgz	HZJ_el8_amd64_gcc12_CMSSW_14_0_21_HZJ_43.tgz
42	43	HZJ_el8_amd64_gcc12_CMSSW_14_0_21_HZJ_42.tgz	HZJ_el8_amd64_gcc12_CMSSW_14_0_21_HZJ_43.tgz
42	43	HZJ_el8_amd64_gcc12_CMSSW_14_0_21_HZJ_42.tgz	HZJ_el8_amd64_gcc12_CMSSW_14_0_21_HZJ_43.tgz
42	43	HZJ_el8_amd64_gcc12_CMSSW_14_0_21_HZJ_42.tgz	HZJ_el8_amd64_gcc12_CMSSW_14_0_21_HZJ_43.tgz
42	43	HZJ_el8_amd64_gcc12_CMSSW_14_0_21_HZJ_42.tgz	HZJ_el8_amd64_gcc12_CMSSW_14_0_21_HZJ_43.tgz
42	44	HZJ_el8_amd64_gcc12_CMSSW_14_0_21_HZJ_42.tgz	HZJ_el8_amd64_gcc12_CMSSW_14_0_21_HZJ_44.tgz
42	44	HZJ_el8_amd64_gcc12_CMSSW_14_0_21_HZJ_42.tgz	HZJ_el8_amd64_gcc12_CMSSW_14_0_21_HZJ_44.tgz
42	44	HZJ_el8_amd64_gcc12_CMSSW_14_0_21_HZJ_42.tgz	HZJ_el8_amd64_gcc12_CMSSW_14_0_21_HZJ_44.tgz
42	44	HZJ_el8_amd64_gcc12_CMSSW_14_0_21_HZJ_42.tgz	HZJ_el8_amd64_gcc12_CMSSW_14_0_21_HZJ_44.tgz
43	44	HZJ_el8_amd64_gcc12_CMSSW_14_0_21_HZJ_43.tgz	HZJ_el8_amd64_gcc12_CMSSW_14_0_21_HZJ_44.tgz
43	45	HZJ_el8_amd64_gcc12_CMSSW_14_0_21_HZJ_43.tgz	HZJ_el8_amd64_gcc12_CMSSW_14_0_21_HZJ_45.tgz
43	45	HZJ_el8_amd64_gcc12_CMSSW_14_0_21_HZJ_43.tgz	HZJ_el8_amd64_gcc12_CMSSW_14_0_21_HZJ_45.tgz
43	45	HZJ_el8_amd64_gcc12_CMSSW_14_0_21_HZJ_43.tgz	HZJ_el8_amd64_gcc12_CMSSW_14_0_21_HZJ_45.tgz
43	45	HZJ_el8_amd64_gcc12_CMSSW_14_0_21_HZJ_43.tgz	HZJ_el8_amd64_gcc12_CMSSW_14_0_21_HZJ_45.tgz
43	45	HZJ_el8_amd64_gcc12_CMSSW_14_0_21_HZJ_43.tgz	HZJ_el8_amd64_gcc12_CMSSW_14_0_21_HZJ_45.tgz
43	46	HZJ_el8_amd64_gcc12_CMSSW_14_0_21_HZJ_43.tgz	HZJ_el8_amd64_gcc12_CMSSW_14_0_21_HZJ_46.tgz
43	46	HZJ_el8_amd64_gcc12_CMSSW_14_0_21_HZJ_43.tgz	HZJ_el8_amd64_gcc12_CMSSW_14_0_21_HZJ_46.tgz
44	46	HZJ_el8_amd64_gcc12_CMSSW_14_0_21_HZJ_44.tgz	HZJ_el8_amd64_gcc12_CMSSW_14_0_21_HZJ_46.tgz
44	46	HZJ_el8_amd64_gcc12_CMSSW_14_0_21_HZJ_44.tgz	HZJ_el8_amd64_gcc12_CMSSW_14_0_21_HZJ_46.tgz
44	46	HZJ_el8_amd64_gcc12_CMSSW_14_0_21_HZJ_44.tgz	HZJ_el8_amd64_gcc12_CMSSW_14_0_21_HZJ_46.tgz
44	47	HZJ_el8_amd64_gcc12_CMSSW_14_0_21_HZJ_44.tgz	HZJ_el8_amd64_gcc12_CMSSW_14_0_21_HZJ_47.tgz
44	47	HZJ_el8_amd64_gcc12_CMSSW_14_0_21_HZJ_44.tgz	HZJ_el8_amd64_gcc12_CMSSW_14_0_21_HZJ_47.tgz
44	47	HZJ_el8_amd64_gcc12_CMSSW_14_0_21_HZJ_44.tgz	HZJ_el8_amd64_gcc12_CMSSW_14_0_21_HZJ_47.tgz
44	47	HZJ_el8_amd64_gcc12_CMSSW_14_0_21_HZJ_44.tgz	HZJ_el8_amd64_gcc12_CMSSW_14_0_21_HZJ_47.tgz
44	47	HZJ_el8_amd64_gcc12_CMSSW_14_0_21_HZJ_44.tgz	HZJ_el8_amd64_gcc12_CMSSW_14_0_21_HZJ_47.tgz
45	48	HZJ_el8_amd64_gcc12_CMSSW_14_0_21_HZJ_45.tgz	HZJ_el8_amd64_gcc12_CMSSW_14_0_21_HZJ_48.tgz
45	48	HZJ_el8_amd64_gcc12_CMSSW_14_0_21_HZJ_45.tgz	HZJ_el8_amd64_gcc12_CMSSW_14_0_21_HZJ_48.tgz
45	48	HZJ_el8_amd64_gcc12_CMSSW_14_0_21_HZJ_45.tgz	HZJ_el8_amd64_gcc12_CMSSW_14_0_21_HZJ_48.tgz
45	48	HZJ_el8_amd64_gcc12_CMSSW_14_0_21_HZJ_45.tgz	HZJ_el8_amd64_gcc12_CMSSW_14_0_21_HZJ_48.tgz
45	48	HZJ_el8_amd64_gcc12_CMSSW_14_0_21_HZJ_45.tgz	HZJ_el8_amd64_gcc12_CMSSW_14_0_21_HZJ_48.tgz
45	49	HZJ_el8_amd64_gcc12_CMSSW_14_0_21_HZJ_45.tgz	HZJ_el8_amd64_gcc12_CMSSW_14_0_21_HZJ_49.tgz
45	49	HZJ_el8_amd64_gcc12_CMSSW_14_0_21_HZJ_45.tgz	HZJ_el8_amd64_gcc12_CMSSW_14_0_21_HZJ_49.tgz
46	49	HZJ_el8_amd64_gcc12_CMSSW_14_0_21_HZJ_46.tgz	HZJ_el8_amd64_gcc12_CMSSW_14_0_21_HZJ_49.tgz
46	49	HZJ_el8_amd64_gcc12_CMSSW_14_0_21_HZJ_46.tgz	HZJ_el8_amd64_gcc12_CMSSW_14_0_21_HZJ_49.tgz
46	50	HZJ_el8_amd64_gcc12_CMSSW_14_0_21_HZJ_46.tgz	HZJ_el8_amd64_gcc12_CMSSW_14_0_21_HZJ_50.tgz
46	50	HZJ_el8_amd64_gcc12_CMSSW_14_0_21_HZJ_46.tgz	HZJ_el8_amd64_gcc12_CMSSW_14_0_21_HZJ_50.tgz
46	50	HZJ_el8_amd64_gcc12_CMSSW_14_0_21_HZJ_46.tgz	HZJ_el8_amd64_gcc12_CMSSW_14_0_21_HZJ_50.tgz
46	50	HZJ_el8_amd64_gcc12_CMSSW_14_0_21_HZJ_46.tgz	HZJ_el8_amd64_gcc12_CMSSW_14_0_21_HZJ_50.tgz
47	51	HZJ_el8_amd64_gcc12_CMSSW_14_0_21_HZJ_47.tgz	HZJ_el8_amd64_gcc12_CMSSW_14_0_21_HZJ_51.tgz
47	51	HZJ_el8_amd64_gcc12_CMSSW_14_0_21_HZJ_47.tgz	HZJ_el8_amd64_gcc12_CMSSW_14_0_21_HZJ_51.tgz
47	51	HZJ_el8_amd64_gcc12_CMSSW_14_0_21_HZJ_47.tgz	HZJ_el8_amd64_gcc12_CMSSW_14_0_21_HZJ_51.tgz
47	51	HZJ_el8_amd64_gcc12_CMSSW_14_0_21_HZJ_47.tgz	HZJ_el8_amd64_gcc12_CMSSW_14_0_21_HZJ_51.tgz
47	52	HZJ_el8_amd64_gcc12_CMSSW_14_0_21_HZJ_47.tgz	HZJ_el8_amd64_gcc12_CMSSW_14_0_21_HZJ_52.tgz
47	52	HZJ_el8_amd64_gcc12_CMSSW_14_0_21_HZJ_47.tgz	HZJ_el8_amd64_gcc12_CMSSW_14_0_21_HZJ_52.tgz
48	52	HZJ_el8_amd64_gcc12_CMSSW_14_0_21_HZJ_48.tgz	HZJ_el8_amd64_gcc12_CMSSW_14_0_21_HZJ_52.tgz
48	53	HZJ_el8_amd64_gcc12_CMSSW_14_0_21_HZJ_48.tgz	HZJ_el8_amd64_gcc12_CMSSW_14_0_21_HZJ_53.tgz
48	53	HZJ_el8_amd64_gcc12_CMSSW_14_0_21_HZJ_48.tgz	HZJ_el8_amd64_gcc12_CMSSW_14_0_21_HZJ_53.tgz
48	53	HZJ_el8_amd64_gcc12_CMSSW_14_0_21_HZJ_48.tgz	HZJ_el8_amd64_gcc12_CMSSW_14_0_21_HZJ_53.tgz
48	53	HZJ_el8_amd64_gcc12_CMSSW_14_0_21_HZJ_48.tgz	HZJ_el8_amd64_gcc12_CMSSW_14_0_21_HZJ_53.tgz
48	54	HZJ_el8_amd64_gcc12_CMSSW_14_0_21_HZJ_48.tgz	HZJ_el8_amd64_gcc12_CMSSW_14_0_21_HZJ_54.tgz
49	54	HZJ_el8_amd64_gcc12_CMSSW_14_0_21_HZJ_49.tgz	HZJ_el8_amd64_gcc12_CMSSW_14_0_21_HZJ_54.tgz
49	54	HZJ_el8_amd64_gcc12_CMSSW_14_0_21_HZJ_49.tgz	HZJ_el8_amd64_gcc12_CMSSW_14_0_21_HZJ_54.tgz
49	55	HZJ_el8_amd64_gcc12_CMSSW_14_0_21_HZJ_49.tgz	HZJ_el8_amd64_gcc12_CMSSW_14_0_21_HZJ_55.tgz
49	55	HZJ_el8_amd64_gcc12_CMSSW_14_0_21_HZJ_49.tgz	HZJ_el8_amd64_gcc12_CMSSW_14_0_21_HZJ_55.tgz
49	55	HZJ_el8_amd64_gcc12_CMSSW_14_0_21_HZJ_49.tgz	HZJ_el8_amd64_gcc12_CMSSW_14_0_21_HZJ_55.tgz
49	56	HZJ_el8_amd64_gcc12_CMSSW_14_0_21_HZJ_49.tgz	HZJ_el8_amd64_gcc12_CMSSW_14_0_21_HZJ_56.tgz
50	56	HZJ_el8_amd64_gcc12_CMSSW_14_0_21_HZJ_50.tgz	HZJ_el8_amd64_gcc12_CMSSW_14_0_21_HZJ_56.tgz
50	56	HZJ_el8_amd64_gcc12_CMSSW_14_0_21_HZJ_50.tgz	HZJ_el8_amd64_gcc12_CMSSW_14_0_21_HZJ_56.tgz
50	57	HZJ_el8_amd64_gcc12_CMSSW_14_0_21_HZJ_50.tgz	HZJ_el8_amd64_gcc12_CMSSW_14_0_21_HZJ_57.tgz
50	57	HZJ_el8_amd64_gcc12_CMSSW_14_0_21_HZJ_50.tgz	HZJ_el8_amd64_gcc12_CMSSW_14_0_21_HZJ_57.tgz
50	57	HZJ_el8_amd64_gcc12_CMSSW_14_0_21_HZJ_50.tgz	HZJ_el8_amd64_gcc12_CMSSW_14_0_21_HZJ_57.tgz
51	58	HZJ_el8_amd64_gcc12_CMSSW_14_0_21_HZJ_51.tgz	HZJ_el8_amd64_gcc12_CMSSW_14_0_21_HZJ_58.tgz
51	58	HZJ_el8_amd64_gcc12_CMSSW_14_0_21_HZJ_51.tgz	HZJ_el8_amd64_gcc12_CMSSW_14_0_21_HZJ_58.tgz
51	58	HZJ_el8_amd64_gcc12_CMSSW_14_0_21_HZJ_51.tgz	HZJ_el8_amd64_gcc12_CMSSW_14_0_21_HZJ_58.tgz
51	59	HZJ_el8_amd64_gcc12_CMSSW_14_0_21_HZJ_51.tgz	HZJ_el8_amd64_gcc12_CMSSW_14_0_21_HZJ_59.tgz
51	59	HZJ_el8_amd64_gcc12_CMSSW_14_0_21_HZJ_51.tgz	HZJ_el8_amd64_gcc12_CMSSW_14_0_21_HZJ_59.tgz
52	59	HZJ_el8_amd64_gcc12_CMSSW_14_0_21_HZJ_52.tgz	HZJ_el8_amd64_gcc12_CMSSW_14_0_21_HZJ_59.tgz
52	60	HZJ_el8_amd64_gcc12_CMSSW_14_0_21_HZJ_52.tgz	HZJ_el8_amd64_gcc12_CMSSW_14_0_21_HZJ_60.tgz
52	60	HZJ_el8_amd64_gcc12_CMSSW_14_0_21_HZJ_52.tgz	HZJ_el8_amd64_gcc12_CMSSW_14_0_21_HZJ_60.tgz
52	61	HZJ_el8_amd64_gcc12_CMSSW_14_0_21_HZJ_52.tgz	HZJ_el8_amd64_gcc12_CMSSW_14_0_21_HZJ_61.tgz
52	61	HZJ_el8_amd64_gcc12_CMSSW_14_0_21_HZJ_52.tgz	HZJ_el8_amd64_gcc12_CMSSW_14_0_21_HZJ_61.tgz
53	61	HZJ_el8_amd64_gcc12_CMSSW_14_0_21_HZJ_53.tgz	HZJ_el8_amd64_gcc12_CMSSW_14_0_21_HZJ_61.tgz
53	62	HZJ_el8_amd64_gcc12_CMSSW_14_0_21_HZJ_53.tgz	HZJ_el8_amd64_gcc12_CMSSW_14_0_21_HZJ_62.tgz
53	62	HZJ_el8_amd64_gcc12_CMSSW_14_0_21_HZJ_53.tgz	HZJ_el8_amd64_gcc12_CMSSW_14_0_21_HZJ_62.tgz
53	63	HZJ_el8_amd64_gcc12_CMSSW_14_0_21_HZJ_53.tgz	HZJ_el8_amd64_gcc12_CMSSW_14_0_21_HZJ_63.tgz
54	63	HZJ_el8_amd64_gcc12_CMSSW_14_0_21_HZJ_54.tgz	HZJ_el8_amd64_gcc12_CMSSW_14_0_21_HZJ_63.tgz
54	64	HZJ_el8_amd64_gcc12_CMSSW_14_0_21_HZJ_54.tgz	HZJ_el8_amd64_gcc12_CMSSW_14_0_21_HZJ_64.tgz
54	64	HZJ_el8_amd64_gcc12_CMSSW_14_0_21_HZJ_54.tgz	HZJ_el8_amd64_gcc12_CMSSW_14_0_21_HZJ_64.tgz
54	64	HZJ_el8_amd64_gcc12_CMSSW_14_0_21_HZJ_54.tgz	HZJ_el8_amd64_gcc12_CMSSW_14_0_21_HZJ_64.tgz
55	65	HZJ_el8_amd64_gcc12_CMSSW_14_0_21_HZJ_55.tgz	HZJ_el8_amd64_gcc12_CMSSW_14_0_21_HZJ_65.tgz
55	65	HZJ_el8_amd64_gcc12_CMSSW_14_0_21_HZJ_55.tgz	HZJ_el8_amd64_gcc12_CMSSW_14_0_21_HZJ_65.tgz
55	66	HZJ_el8_amd64_gcc12_CMSSW_14_0_21_HZJ_55.tgz	HZJ_el8_amd64_gcc12_CMSSW_14_0_21_HZJ_66.tgz
55	66	HZJ_el8_amd64_gcc12_CMSSW_14_0_21_HZJ_55.tgz	HZJ_el8_amd64_gcc12_CMSSW_14_0_21_HZJ_66.tgz
56	67	HZJ_el8_amd64_gcc12_CMSSW_14_0_21_HZJ_56.tgz	HZJ_el8_amd64_gcc12_CMSSW_14_0_21_HZJ_67.tgz
56	67	HZJ_el8_amd64_gcc12_CMSSW_14_0_21_HZJ_56.tgz	HZJ_el8_amd64_gcc12_CMSSW_14_0_21_HZJ_67.tgz
56	68	HZJ_el8_amd64_gcc12_CMSSW_14_0_21_HZJ_56.tgz	HZJ_el8_amd64_gcc12_CMSSW_14_0_21_HZJ_68.tgz
57	68	HZJ_el8_amd64_gcc12_CMSSW_14_0_21_HZJ_57.tgz	HZJ_el8_amd64_gcc12_CMSSW_14_0_21_HZJ_68.tgz
57	69	HZJ_el8_amd64_gcc12_CMSSW_14_0_21_HZJ_57.tgz	HZJ_el8_amd64_gcc12_CMSSW_14_0_21_HZJ_69.tgz
57	69	HZJ_el8_amd64_gcc12_CMSSW_14_0_21_HZJ_57.tgz	HZJ_el8_amd64_gcc12_CMSSW_14_0_21_HZJ_69.tgz
57	70	HZJ_el8_amd64_gcc12_CMSSW_14_0_21_HZJ_57.tgz	HZJ_el8_amd64_gcc12_CMSSW_14_0_21_HZJ_70.tgz
58	70	HZJ_el8_amd64_gcc12_CMSSW_14_0_21_HZJ_58.tgz	HZJ_el8_amd64_gcc12_CMSSW_14_0_21_HZJ_70.tgz
58	71	HZJ_el8_amd64_gcc12_CMSSW_14_0_21_HZJ_58.tgz	HZJ_el8_amd64_gcc12_CMSSW_14_0_21_HZJ_71.tgz
58	71	HZJ_el8_amd64_gcc12_CMSSW_14_0_21_HZJ_58.tgz	HZJ_el8_amd64_gcc12_CMSSW_14_0_21_HZJ_71.tgz
59	72	HZJ_el8_amd64_gcc12_CMSSW_14_0_21_HZJ_59.tgz	HZJ_el8_amd64_gcc12_CMSSW_14_0_21_HZJ_72.tgz
59	73	HZJ_el8_amd64_gcc12_CMSSW_14_0_21_HZJ_59.tgz	HZJ_el8_amd64_gcc12_CMSSW_14_0_21_HZJ_73.tgz
59	73	HZJ_el8_amd64_gcc12_CMSSW_14_0_21_HZJ_59.tgz	HZJ_el8_amd64_gcc12_CMSSW_14_0_21_HZJ_73.tgz
60	74	HZJ_el8_amd64_gcc12_CMSSW_14_0_21_HZJ_60.tgz	HZJ_el8_amd64_gcc12_CMSSW_14_0_21_HZJ_74.tgz
60	74	HZJ_el8_amd64_gcc12_CMSSW_14_0_21_HZJ_60.tgz	HZJ_el8_amd64_gcc12_CMSSW_14_0_21_HZJ_74.tgz
60	75	HZJ_el8_amd64_gcc12_CMSSW_14_0_21_HZJ_60.tgz	HZJ_el8_amd64_gcc12_CMSSW_14_0_21_HZJ_75.tgz
61	76	HZJ_el8_amd64_gcc12_CMSSW_14_0_21_HZJ_61.tgz	HZJ_el8_amd64_gcc12_CMSSW_14_0_21_HZJ_76.tgz
61	76	HZJ_el8_amd64_gcc12_CMSSW_14_0_21_HZJ_61.tgz	HZJ_el8_amd64_gcc12_CMSSW_14_0_21_HZJ_76.tgz
61	77	HZJ_el8_amd64_gcc12_CMSSW_14_0_21_HZJ_61.tgz	HZJ_el8_amd64_gcc12_CMSSW_14_0_21_HZJ_77.tgz
62	77	HZJ_el8_amd64_gcc12_CMSSW_14_0_21_HZJ_62.tgz	HZJ_el8_amd64_gcc12_CMSSW_14_0_21_HZJ_77.tgz
62	78	HZJ_el8_amd64_gcc12_CMSSW_14_0_21_HZJ_62.tgz	HZJ_el8_amd64_gcc12_CMSSW_14_0_21_HZJ_78.tgz
62	79	HZJ_el8_amd64_gcc12_CMSSW_14_0_21_HZJ_62.tgz	HZJ_el8_amd64_gcc12_CMSSW_14_0_21_HZJ_79.tgz
63	79	HZJ_el8_amd64_gcc12_CMSSW_14_0_21_HZJ_63.tgz	HZJ_el8_amd64_gcc12_CMSSW_14_0_21_HZJ_79.tgz
63	80	HZJ_el8_amd64_gcc12_CMSSW_14_0_21_HZJ_63.tgz	HZJ_el8_amd64_gcc12_CMSSW_14_0_21_HZJ_80.tgz
63	81	HZJ_el8_amd64_gcc12_CMSSW_14_0_21_HZJ_63.tgz	HZJ_el8_amd64_gcc12_CMSSW_14_0_21_HZJ_81.tgz
64	81	HZJ_el8_amd64_gcc12_CMSSW_14_0_21_HZJ_64.tgz	HZJ_el8_amd64_gcc12_CMSSW_14_0_21_HZJ_81.tgz
64	82	HZJ_el8_amd64_gcc12_CMSSW_14_0_21_HZJ_64.tgz	HZJ_el8_amd64_gcc12_CMSSW_14_0_21_HZJ_82.tgz
65	83	HZJ_el8_amd64_gcc12_CMSSW_14_0_21_HZJ_65.tgz	HZJ_el8_amd64_gcc12_CMSSW_14_0_21_HZJ_83.tgz
65	84	HZJ_el8_amd64_gcc12_CMSSW_14_0_21_HZJ_65.tgz	HZJ_el8_amd64_gcc12_CMSSW_14_0_21_HZJ_84.tgz
65	84	HZJ_el8_amd64_gcc12_CMSSW_14_0_21_HZJ_65.tgz	HZJ_el8_amd64_gcc12_CMSSW_14_0_21_HZJ_84.tgz
66	85	HZJ_el8_amd64_gcc12_CMSSW_14_0_21_HZJ_66.tgz	HZJ_el8_amd64_gcc12_CMSSW_14_0_21_HZJ_85.tgz
66	86	HZJ_el8_amd64_gcc12_CMSSW_14_0_21_HZJ_66.tgz	HZJ_el8_amd64_gcc12_CMSSW_14_0_21_HZJ_86.tgz
67	86	HZJ_el8_amd64_gcc12_CMSSW_14_0_21_HZJ_67.tgz	HZJ_el8_amd64_gcc12_CMSSW_14_0_21_HZJ_86.tgz
67	87	HZJ_el8_amd64_gcc12_CMSSW_14_0_21_HZJ_67.tgz	HZJ_el8_amd64_gcc12_CMSSW_14_0_21_HZJ_87.tgz
68	88	HZJ_el8_amd64_gcc12_CMSSW_14_0_21_HZJ_68.tgz	HZJ_el8_amd64_gcc12_CMSSW_14_0_21_HZJ_88.tgz
68	89	HZJ_el8_amd64_gcc12_CMSSW_14_0_21_HZJ_68.tgz	HZJ_el8_amd64_gcc12_CMSSW_14_0_21_HZJ_89.tgz
68	90	HZJ_el8_amd64_gcc12_CMSSW_14_0_21_HZJ_68.tgz	HZJ_el8_amd64_gcc12_CMSSW_14_0_21_HZJ_90.tgz
69	90	HZJ_el8_amd64_gcc12_CMSSW_14_0_21_HZJ_69.tgz	HZJ_el8_amd64_gcc12_CMSSW_14_0_21_HZJ_90.tgz
69	91	HZJ_el8_amd64_gcc12_CMSSW_14_0_21_HZJ_69.tgz	HZJ_el8_amd64_gcc12_CMSSW_14_0_21_HZJ_91.tgz
70	92	HZJ_el8_amd64_gcc12_CMSSW_14_0_21_HZJ_70.tgz	HZJ_el8_amd64_gcc12_CMSSW_14_0_21_HZJ_92.tgz
70	93	HZJ_el8_amd64_gcc12_CMSSW_14_0_21_HZJ_70.tgz	HZJ_el8_amd64_gcc12_CMSSW_14_0_21_HZJ_93.tgz
71	94	HZJ_el8_amd64_gcc12_CMSSW_14_0_21_HZJ_71.tgz	HZJ_el8_amd64_gcc12_CMSSW_14_0_21_HZJ_94.tgz
71	95	HZJ_el8_amd64_gcc12_CMSSW_14_0_21_HZJ_71.tgz	HZJ_el8_amd64_gcc12_CMSSW_14_0_21_HZJ_95.tgz
72	96	HZJ_el8_amd64_gcc12_CMSSW_14_0_21_HZJ_72.tgz	HZJ_el8_amd64_gcc12_CMSSW_14_0_21_HZJ_96.tgz
72	96	HZJ_el8_amd64_gcc12_CMSSW_14_0_21_HZJ_72.tgz	HZJ_el8_amd64_gcc12_CMSSW_14_0_21_HZJ_96.tgz
73	97	HZJ_el8_amd64_gcc12_CMSSW_14_0_21_HZJ_73.tgz	HZJ_el8_amd64_gcc12_CMSSW_14_0_21_HZJ_97.tgz
73	98	HZJ_el8_amd64_gcc12_CMSSW_14_0_21_HZJ_73.tgz	HZJ_el8_amd64_gcc12_CMSSW_14_0_21_HZJ_98.tgz
74	99	HZJ_el8_amd64_gcc12_CMSSW_14_0_21_HZJ_74.tgz	HZJ_el8_amd64_gcc12_CMSSW_14_0_21_HZJ_99.tgz
74	100	HZJ_el8_amd64_gcc12_CMSSW_14_0_21_HZJ_74.tgz	HZJ_el8_amd64_gcc12_CMSSW_14_0_21_HZJ_100.tgz
75	101	HZJ_el8_amd64_gcc12_CMSSW_14_0_21_HZJ_75.tgz	HZJ_el8_amd64_gcc12_CMSSW_14_0_21_HZJ_101.tgz
76	102	HZJ_el8_amd64_gcc12_CMSSW_14_0_21_HZJ_76.tgz	HZJ_el8_amd64_gcc12_CMSSW_14_0_21_HZJ_102.tgz
76	103	HZJ_el8_amd64_gcc12_CMSSW_14_0_21_HZJ_76.tgz	HZJ_el8_amd64_gcc12_CMSSW_14_0_21_HZJ_103.tgz
77	104	HZJ_el8_amd64_gcc12_CMSSW_14_0_21_HZJ_77.tgz	HZJ_el8_amd64_gcc12_CMSSW_14_0_21_HZJ_104.tgz
77	105	HZJ_el8_amd64_gcc12_CMSSW_14_0_21_HZJ_77.tgz	HZJ_el8_amd64_gcc12_CMSSW_14_0_21_HZJ_105.tgz
78	106	HZJ_el8_amd64_gcc12_CMSSW_14_0_21_HZJ_78.tgz	HZJ_el8_amd64_gcc12_CMSSW_14_0_21_HZJ_106.tgz
78	107	HZJ_el8_amd64_gcc12_CMSSW_14_0_21_HZJ_78.tgz	HZJ_el8_amd64_gcc12_CMSSW_14_0_21_HZJ_107.tgz
79	108	HZJ_el8_amd64_gcc12_CMSSW_14_0_21_HZJ_79.tgz	HZJ_el8_amd64_gcc12_CMSSW_14_0_21_HZJ_108.tgz
80	109	HZJ_el8_amd64_gcc12_CMSSW_14_0_21_HZJ_80.tgz	HZJ_el8_amd64_gcc12_CMSSW_14_0_21_HZJ_109.tgz
80	110	HZJ_el8_amd64_gcc12_CMSSW_14_0_21_HZJ_80.tgz	HZJ_el8_amd64_gcc12_CMSSW_14_0_21_HZJ_110.tgz
81	111	HZJ_el8_amd64_gcc12_CMSSW_14_0_21_HZJ_81.tgz	HZJ_el8_amd64_gcc12_CMSSW_14_0_21_HZJ_111.tgz
82	113	HZJ_el8_amd64_gcc12_CMSSW_14_0_21_HZJ_82.tgz	HZJ_el8_amd64_gcc12_CMSSW_14_0_21_HZJ_113.tgz
82	114	HZJ_el8_amd64_gcc12_CMSSW_14_0_21_HZJ_82.tgz	HZJ_el8_amd64_gcc12_CMSSW_14_0_21_HZJ_114.tgz
83	115	HZJ_el8_amd64_gcc12_CMSSW_14_0_21_HZJ_83.tgz	HZJ_el8_amd64_gcc12_CMSSW_14_0_21_HZJ_115.tgz
84	116	HZJ_el8_amd64_gcc12_CMSSW_14_0_21_HZJ_84.tgz	HZJ_el8_amd64_gcc12_CMSSW_14_0_21_HZJ_116.tgz
84	117	HZJ_el8_amd64_gcc12_CMSSW_14_0_21_HZJ_84.tgz	HZJ_el8_amd64_gcc12_CMSSW_14_0_21_HZJ_117.tgz
85	118	HZJ_el8_amd64_gcc12_CMSSW_14_0_21_HZJ_85.tgz	HZJ_el8_amd64_gcc12_CMSSW_14_0_21_HZJ_118.tgz
86	120	HZJ_el8_amd64_gcc12_CMSSW_14_0_21_HZJ_86.tgz	HZJ_el8_amd64_gcc12_CMSSW_14_0_21_HZJ_120.tgz
87	121	HZJ_el8_amd64_gcc12_CMSSW_14_0_21_HZJ_87.tgz	HZJ_el8_amd64_gcc12_CMSSW_14_0_21_HZJ_121.tgz
87	122	HZJ_el8_amd64_gcc12_CMSSW_14_0_21_HZJ_87.tgz	HZJ_el8_amd64_gcc12_CMSSW_14_0_21_HZJ_122.tgz
88	123	HZJ_el8_amd64_gcc12_CMSSW_14_0_21_HZJ_88.tgz	HZJ_el8_amd64_gcc12_CMSSW_14_0_21_HZJ_123.tgz
89	125	HZJ_el8_amd64_gcc12_CMSSW_14_0_21_HZJ_89.tgz	HZJ_el8_amd64_gcc12_CMSSW_14_0_21_HZJ_125.tgz
90	126	HZJ_el8_amd64_gcc12_CMSSW_14_0_21_HZJ_90.tgz	HZJ_el8_amd64_gcc12_CMSSW_14_0_21_HZJ_126.tgz
90	127	HZJ_el8_amd64_gcc12_CMSSW_14_0_21_HZJ_90.tgz	HZJ_el8_amd64_gcc12_CMSSW_14_0_21_HZJ_127.tgz
91	129	HZJ_el8_amd64_gcc12_CMSSW_14_0_21_HZJ_91.tgz	HZJ_el8_amd64_gcc12_CMSSW_14_0_21_HZJ_129.tgz
92	130	HZJ_el8_amd64_gcc12_CMSSW_14_0_21_HZJ_92.tgz	HZJ_el8_amd64_gcc12_CMSSW_14_0_21_HZJ_130.tgz
93	131	HZJ_el8_amd64_gcc12_CMSSW_14_0_21_HZJ_93.tgz	HZJ_el8_amd64_gcc12_CMSSW_14_0_21_HZJ_131.tgz
94	133	HZJ_el8_amd64_gcc12_CMSSW_14_0_21_HZJ_94.tgz	HZJ_el8_amd64_gcc12_CMSSW_14_0_21_HZJ_133.tgz
95	134	HZJ_el8_amd64_gcc12_CMSSW_14_0_21_HZJ_95.tgz	HZJ_el8_amd64_gcc12_CMSSW_14_0_21_HZJ_134.tgz
96	135	HZJ_el8_amd64_gcc12_CMSSW_14_0_21_HZJ_96.tgz	HZJ_el8_amd64_gcc12_CMSSW_14_0_21_HZJ_135.tgz
96	137	HZJ_el8_amd64_gcc12_CMSSW_14_0_21_HZJ_96.tgz	HZJ_el8_amd64_gcc12_CMSSW_14_0_21_HZJ_137.tgz
97	138	HZJ_el8_amd64_gcc12_CMSSW_14_0_21_HZJ_97.tgz	HZJ_el8_amd64_gcc12_CMSSW_14_0_21_HZJ_138.tgz
98	140	HZJ_el8_amd64_gcc12_CMSSW_14_0_21_HZJ_98.tgz	HZJ_el8_amd64_gcc12_CMSSW_14_0_21_HZJ_140.tgz
99	141	HZJ_el8_amd64_gcc12_CMSSW_14_0_21_HZJ_99.tgz	HZJ_el8_amd64_gcc12_CMSSW_14_0_21_HZJ_141.tgz
100	143	HZJ_el8_amd64_gcc12_CMSSW_14_0_21_HZJ_100.tgz	HZJ_el8_amd64_gcc12_CMSSW_14_0_21_HZJ_143.tgz
101	144	HZJ_el8_amd64_gcc12_CMSSW_14_0_21_HZJ_101.tgz	HZJ_el8_amd64_gcc12_CMSSW_14_0_21_HZJ_144.tgz
102	146	HZJ_el8_amd64_gcc12_CMSSW_14_0_21_HZJ_102.tgz	HZJ_el8_amd64_gcc12_CMSSW_14_0_21_HZJ_146.tgz
103	147	HZJ_el8_amd64_gcc12_CMSSW_14_0_21_HZJ_103.tgz	HZJ_el8_amd64_gcc12_CMSSW_14_0_21_HZJ_147.tgz
104	149	HZJ_el8_amd64_gcc12_CMSSW_14_0_21_HZJ_104.tgz	HZJ_el8_amd64_gcc12_CMSSW_14_0_21_HZJ_149.tgz
105	150	HZJ_el8_amd64_gcc12_CMSSW_14_0_21_HZJ_105.tgz	HZJ_el8_amd64_gcc12_CMSSW_14_0_21_HZJ_150.tgz
106	152	HZJ_el8_amd64_gcc12_CMSSW_14_0_21_HZJ_106.tgz	HZJ_el8_amd64_gcc12_CMSSW_14_0_21_HZJ_152.tgz
107	154	HZJ_el8_amd64_gcc12_CMSSW_14_0_21_HZJ_107.tgz	HZJ_el8_amd64_gcc12_CMSSW_14_0_21_HZJ_154.tgz
108	155	HZJ_el8_amd64_gcc12_CMSSW_14_0_21_HZJ_108.tgz	HZJ_el8_amd64_gcc12_CMSSW_14_0_21_HZJ_155.tgz
109	157	HZJ_el8_amd64_gcc12_CMSSW_14_0_21_HZJ_109.tgz	HZJ_el8_amd64_gcc12_CMSSW_14_0_21_HZJ_157.tgz
111	158	HZJ_el8_amd64_gcc12_CMSSW_14_0_21_HZJ_111.tgz	HZJ_el8_amd64_gcc12_CMSSW_14_0_21_HZJ_158.tgz
112	160	HZJ_el8_amd64_gcc12_CMSSW_14_0_21_HZJ_112.tgz	HZJ_el8_amd64_gcc12_CMSSW_14_0_21_HZJ_160.tgz
113	162	HZJ_el8_amd64_gcc12_CMSSW_14_0_21_HZJ_113.tgz	HZJ_el8_amd64_gcc12_CMSSW_14_0_21_HZJ_162.tgz
114	163	HZJ_el8_amd64_gcc12_CMSSW_14_0_21_HZJ_114.tgz	HZJ_el8_amd64_gcc12_CMSSW_14_0_21_HZJ_163.tgz
115	165	HZJ_el8_amd64_gcc12_CMSSW_14_0_21_HZJ_115.tgz	HZJ_el8_amd64_gcc12_CMSSW_14_0_21_HZJ_165.tgz
117	167	HZJ_el8_amd64_gcc12_CMSSW_14_0_21_HZJ_117.tgz	HZJ_el8_amd64_gcc12_CMSSW_14_0_21_HZJ_167.tgz
118	169	HZJ_el8_amd64_gcc12_CMSSW_14_0_21_HZJ_118.tgz	HZJ_el8_amd64_gcc12_CMSSW_14_0_21_HZJ_169.tgz
119	170	HZJ_el8_amd64_gcc12_CMSSW_14_0_21_HZJ_119.tgz	HZJ_el8_amd64_gcc12_CMSSW_14_0_21_HZJ_170.tgz
120	172	HZJ_el8_amd64_gcc12_CMSSW_14_0_21_HZJ_120.tgz	HZJ_el8_amd64_gcc12_CMSSW_14_0_21_HZJ_172.tgz
122	174	HZJ_el8_amd64_gcc12_CMSSW_14_0_21_HZJ_122.tgz	HZJ_el8_amd64_gcc12_CMSSW_14_0_21_HZJ_174.tgz
123	175	HZJ_el8_amd64_gcc12_CMSSW_14_0_21_HZJ_123.tgz	HZJ_el8_amd64_gcc12_CMSSW_14_0_21_HZJ_175.tgz
124	177	HZJ_el8_amd64_gcc12_CMSSW_14_0_21_HZJ_124.tgz	HZJ_el8_amd64_gcc12_CMSSW_14_0_21_HZJ_177.tgz
126	179	HZJ_el8_amd64_gcc12_CMSSW_14_0_21_HZJ_126.tgz	HZJ_el8_amd64_gcc12_CMSSW_14_0_21_HZJ_179.tgz
127	181	HZJ_el8_amd64_gcc12_CMSSW_14_0_21_HZJ_127.tgz	HZJ_el8_amd64_gcc12_CMSSW_14_0_21_HZJ_181.tgz
129	182	HZJ_el8_amd64_gcc12_CMSSW_14_0_21_HZJ_129.tgz	HZJ_el8_amd64_gcc12_CMSSW_14_0_21_HZJ_182.tgz
130	184	HZJ_el8_amd64_gcc12_CMSSW_14_0_21_HZJ_130.tgz	HZJ_el8_amd64_gcc12_CMSSW_14_0_21_HZJ_184.tgz
132	186	HZJ_el8_amd64_gcc12_CMSSW_14_0_21_HZJ_132.tgz	HZJ_el8_amd64_gcc12_CMSSW_14_0_21_HZJ_186.tgz
133	188	HZJ_el8_amd64_gcc12_CMSSW_14_0_21_HZJ_133.tgz	HZJ_el8_amd64_gcc12_CMSSW_14_0_21_HZJ_188.tgz
135	190	HZJ_el8_amd64_gcc12_CMSSW_14_0_21_HZJ_135.tgz	HZJ_el8_amd64_gcc12_CMSSW_14_0_21_HZJ_190.tgz
136	192	HZJ_el8_amd64_gcc12_CMSSW_14_0_21_HZJ_136.tgz	HZJ_el8_amd64_gcc12_CMSSW_14_0_21_HZJ_192.tgz
138	193	HZJ_el8_amd64_gcc12_CMSSW_14_0_21_HZJ_138.tgz	HZJ_el8_amd64_gcc12_CMSSW_14_0_21_HZJ_193.tgz
139	195	HZJ_el8_amd64_gcc12_CMSSW_14_0_21_HZJ_139.tgz	HZJ_el8_amd64_gcc12_CMSSW_14_0_21_HZJ_195.tgz
141	197	HZJ_el8_amd64_gcc12_CMSSW_14_0_21_HZJ_141.tgz	HZJ_el8_amd64_gcc12_CMSSW_14_0_21_HZJ_197.tgz
143	199	HZJ_el8_amd64_gcc12_CMSSW_14_0_21_HZJ_143.tgz	HZJ_el8_amd64_gcc12_CMSSW_14_0_21_HZJ_199.tgz
144	201	HZJ_el8_amd64_gcc12_CMSSW_14_0_21_HZJ_144.tgz	HZJ_el8_amd64_gcc12_CMSSW_14_0_21_HZJ_201.tgz
146	203	HZJ_el8_amd64_gcc12_CMSSW_14_0_21_HZJ_146.tgz	HZJ_el8_amd64_gcc12_CMSSW_14_0_21_HZJ_203.tgz
148	205	HZJ_el8_amd64_gcc12_CMSSW_14_0_21_HZJ_148.tgz	HZJ_el8_amd64_gcc12_CMSSW_14_0_21_HZJ_205.tgz
150	207	HZJ_el8_amd64_gcc12_CMSSW_14_0_21_HZJ_150.tgz	HZJ_el8_amd64_gcc12_CMSSW_14_0_21_HZJ_207.tgz
151	208	HZJ_el8_amd64_gcc12_CMSSW_14_0_21_HZJ_151.tgz	HZJ_el8_amd64_gcc12_CMSSW_14_0_21_HZJ_208.tgz
153	210	HZJ_el8_amd64_gcc12_CMSSW_14_0_21_HZJ_153.tgz	HZJ_el8_amd64_gcc12_CMSSW_14_0_21_HZJ_210.tgz
155	212	HZJ_el8_amd64_gcc12_CMSSW_14_0_21_HZJ_155.tgz	HZJ_el8_amd64_gcc12_CMSSW_14_0_21_HZJ_212.tgz
157	214	HZJ_el8_amd64_gcc12_CMSSW_14_0_21_HZJ_157.tgz	HZJ_el8_amd64_gcc12_CMSSW_14_0_21_HZJ_214.tgz
159	216	HZJ_el8_amd64_gcc12_CMSSW_14_0_21_HZJ_159.tgz	HZJ_el8_amd64_gcc12_CMSSW_14_0_21_HZJ_216.tgz
161	218	HZJ_el8_amd64_gcc12_CMSSW_14_0_21_HZJ_161.tgz	HZJ_el8_amd64_gcc12_CMSSW_14_0_21_HZJ_218.tgz
163	220	HZJ_el8_amd64_gcc12_CMSSW_14_0_21_HZJ_163.tgz	HZJ_el8_amd64_gcc12_CMSSW_14_0_21_HZJ_220.tgz
165	222	HZJ_el8_amd64_gcc12_CMSSW_14_0_21_HZJ_165.tgz	HZJ_el8_amd64_gcc12_CMSSW_14_0_21_HZJ_222.tgz
166	224	HZJ_el8_amd64_gcc12_CMSSW_14_0_21_HZJ_166.tgz	HZJ_el8_amd64_gcc12_CMSSW_14_0_21_HZJ_224.tgz
168	225	HZJ_el8_amd64_gcc12_CMSSW_14_0_21_HZJ_168.tgz	HZJ_el8_amd64_gcc12_CMSSW_14_0_21_HZJ_225.tgz
171	227	HZJ_el8_amd64_gcc12_CMSSW_14_0_21_HZJ_171.tgz	HZJ_el8_amd64_gcc12_CMSSW_14_0_21_HZJ_227.tgz
173	229	HZJ_el8_amd64_gcc12_CMSSW_14_0_21_HZJ_173.tgz	HZJ_el8_amd64_gcc12_CMSSW_14_0_21_HZJ_229.tgz
175	231	HZJ_el8_amd64_gcc12_CMSSW_14_0_21_HZJ_175.tgz	HZJ_el8_amd64_gcc12_CMSSW_14_0_21_HZJ_231.tgz
177	233	HZJ_el8_amd64_gcc12_CMSSW_14_0_21_HZJ_177.tgz	HZJ_el8_amd64_gcc12_CMSSW_14_0_21_HZJ_233.tgz
179	235	HZJ_el8_amd64_gcc12_CMSSW_14_0_21_HZJ_179.tgz	HZJ_el8_amd64_gcc12_CMSSW_14_0_21_HZJ_235.tgz
181	237	HZJ_el8_amd64_gcc12_CMSSW_14_0_21_HZJ_181.tgz	HZJ_el8_amd64_gcc12_CMSSW_14_0_21_HZJ_237.tgz
183	239	HZJ_el8_amd64_gcc12_CMSSW_14_0_21_HZJ_183.tgz	HZJ_el8_amd64_gcc12_CMSSW_14_0_21_HZJ_239.tgz
185	241	HZJ_el8_amd64_gcc12_CMSSW_14_0_21_HZJ_185.tgz	HZJ_el8_amd64_gcc12_CMSSW_14_0_21_HZJ_241.tgz
187	243	HZJ_el8_amd64_gcc12_CMSSW_14_0_21_HZJ_187.tgz	HZJ_el8_amd64_gcc12_CMSSW_14_0_21_HZJ_243.tgz
190	244	HZJ_el8_amd64_gcc12_CMSSW_14_0_21_HZJ_190.tgz	HZJ_el8_amd64_gcc12_CMSSW_14_0_21_HZJ_244.tgz
192	246	HZJ_el8_amd64_gcc12_CMSSW_14_0_21_HZJ_192.tgz	HZJ_el8_amd64_gcc12_CMSSW_14_0_21_HZJ_246.tgz
194	248	HZJ_el8_amd64_gcc12_CMSSW_14_0_21_HZJ_194.tgz	HZJ_el8_amd64_gcc12_CMSSW_14_0_21_HZJ_248.tgz
196	250	HZJ_el8_amd64_gcc12_CMSSW_14_0_21_HZJ_196.tgz	HZJ_el8_amd64_gcc12_CMSSW_14_0_21_HZJ_250.tgz
199	252	HZJ_el8_amd64_gcc12_CMSSW_14_0_21_HZJ_199.tgz	HZJ_el8_amd64_gcc12_CMSSW_14_0_21_HZJ_252.tgz
201	254	HZJ_el8_amd64_gcc12_CMSSW_14_0_21_HZJ_201.tgz	HZJ_el8_amd64_gcc12_CMSSW_14_0_21_HZJ_254.tgz
203	256	HZJ_el8_amd64_gcc12_CMSSW_14_0_21_HZJ_203.tgz	HZJ_el8_amd64_gcc12_CMSSW_14_0_21_HZJ_256.tgz
206	257	HZJ_el8_amd64_gcc12_CMSSW_14_0_21_HZJ_206.tgz	HZJ_el8_amd64_gcc12_CMSSW_14_0_21_HZJ_257.tgz
208	259	HZJ_el8_amd64_gcc12_CMSSW_14_0_21_HZJ_208.tgz	HZJ_el8_amd64_gcc12_CMSSW_14_0_21_HZJ_259.tgz
211	261	HZJ_el8_amd64_gcc12_CMSSW_14_0_21_HZJ_211.tgz	HZJ_el8_amd64_gcc12_CMSSW_14_0_21_HZJ_261.tgz
213	263	HZJ_el8_amd64_gcc12_CMSSW_14_0_21_HZJ_213.tgz	HZJ_el8_amd64_gcc12_CMSSW_14_0_21_HZJ_263.tgz
215	265	HZJ_el8_amd64_gcc12_CMSSW_14_0_21_HZJ_215.tgz	HZJ_el8_amd64_gcc12_CMSSW_14_0_21_HZJ_265.tgz
218	266	HZJ_el8_amd64_gcc12_CMSSW_14_0_21_HZJ_218.tgz	HZJ_el8_amd64_gcc12_CMSSW_14_0_21_HZJ_266.tgz
220	268	HZJ_el8_amd64_gcc12_CMSSW_14_0_21_HZJ_220.tgz	HZJ_el8_amd64_gcc12_CMSSW_14_0_21_HZJ_268.tgz
223	270	HZJ_el8_amd64_gcc12_CMSSW_14_0_21_HZJ_223.tgz	HZJ_el8_amd64_gcc12_CMSSW_14_0_21_HZJ_270.tgz
225	272	HZJ_el8_amd64_gcc12_CMSSW_14_0_21_HZJ_225.tgz	HZJ_el8_amd64_gcc12_CMSSW_14_0_21_HZJ_272.tgz
228	274	HZJ_el8_amd64_gcc12_CMSSW_14_0_21_HZJ_228.tgz	HZJ_el8_amd64_gcc12_CMSSW_14_0_21_HZJ_274.tgz
230	275	HZJ_el8_amd64_gcc12_CMSSW_14_0_21_HZJ_230.tgz	HZJ_el8_amd64_gcc12_CMSSW_14_0_21_HZJ_275.tgz
233	277	HZJ_el8_amd64_gcc12_CMSSW_14_0_21_HZJ_233.tgz	HZJ_el8_amd64_gcc12_CMSSW_14_0_21_HZJ_277.tgz
235	279	HZJ_el8_amd64_gcc12_CMSSW_14_0_21_HZJ_235.tgz	HZJ_el8_amd64_gcc12_CMSSW_14_0_21_HZJ_279.tgz
237	280	HZJ_el8_amd64_gcc12_CMSSW_14_0_21_HZJ_237.tgz	HZJ_el8_amd64_gcc12_CMSSW_14_0_21_HZJ_280.tgz
240	282	HZJ_el8_amd64_gcc12_CMSSW_14_0_21_HZJ_240.tgz	HZJ_el8_amd64_gcc12_CMSSW_14_0_21_HZJ_282.tgz
242	284	HZJ_el8_amd64_gcc12_CMSSW_14_0_21_HZJ_242.tgz	HZJ_el8_amd64_gcc12_CMSSW_14_0_21_HZJ_284.tgz
245	286	HZJ_el8_amd64_gcc12_CMSSW_14_0_21_HZJ_245.tgz	HZJ_el8_amd64_gcc12_CMSSW_14_0_21_HZJ_286.tgz
247	287	HZJ_el8_amd64_gcc12_CMSSW_14_0_21_HZJ_247.tgz	HZJ_el8_amd64_gcc12_CMSSW_14_0_21_HZJ_287.tgz
250	289	HZJ_el8_amd64_gcc12_CMSSW_14_0_21_HZJ_250.tgz	HZJ_el8_amd64_gcc12_CMSSW_14_0_21_HZJ_289.tgz
252	291	HZJ_el8_amd64_gcc12_CMSSW_14_0_21_HZJ_252.tgz	HZJ_el8_amd64_gcc12_CMSSW_14_0_21_HZJ_291.tgz
255	292	HZJ_el8_amd64_gcc12_CMSSW_14_0_21_HZJ_255.tgz	HZJ_el8_amd64_gcc12_CMSSW_14_0_21_HZJ_292.tgz
257	294	HZJ_el8_amd64_gcc12_CMSSW_14_0_21_HZJ_257.tgz	HZJ_el8_amd64_gcc12_CMSSW_14_0_21_HZJ_294.tgz
260	296	HZJ_el8_amd64_gcc12_CMSSW_14_0_21_HZJ_260.tgz	HZJ_el8_amd64_gcc12_CMSSW_14_0_21_HZJ_296.tgz
262	297	HZJ_el8_amd64_gcc12_CMSSW_14_0_21_HZJ_262.tgz	HZJ_el8_amd64_gcc12_CMSSW_14_0_21_HZJ_297.tgz
265	299	HZJ_el8_amd64_gcc12_CMSSW_14_0_21_HZJ_265.tgz	HZJ_el8_amd64_gcc12_CMSSW_14_0_21_HZJ_299.tgz
267	301	HZJ_el8_amd64_gcc12_CMSSW_14_0_21_HZJ_267.tgz	HZJ_el8_amd64_gcc12_CMSSW_14_0_21_HZJ_301.tgz
270	302	HZJ_el8_amd64_gcc12_CMSSW_14_0_21_HZJ_270.tgz	HZJ_el8_amd64_gcc12_CMSSW_14_0_21_HZJ_302.tgz
273	304	HZJ_el8_amd64_gcc12_CMSSW_14_0_21_HZJ_273.tgz	HZJ_el8_amd64_gcc12_CMSSW_14_0_21_HZJ_304.tgz
275	306	HZJ_el8_amd64_gcc12_CMSSW_14_0_21_HZJ_275.tgz	HZJ_el8_amd64_gcc12_CMSSW_14_0_21_HZJ_306.tgz
278	307	HZJ_el8_amd64_gcc12_CMSSW_14_0_21_HZJ_278.tgz	HZJ_el8_amd64_gcc12_CMSSW_14_0_21_HZJ_307.tgz
280	309	HZJ_el8_amd64_gcc12_CMSSW_14_0_21_HZJ_280.tgz	HZJ_el8_amd64_gcc12_CMSSW_14_0_21_HZJ_309.tgz
283	311	HZJ_el8_amd64_gcc12_CMSSW_14_0_21_HZJ_283.tgz	HZJ_el8_amd64_gcc12_CMSSW_14_0_21_HZJ_311.tgz
285	312	HZJ_el8_amd64_gcc12_CMSSW_14_0_21_HZJ_285.tgz	HZJ_el8_amd64_gcc12_CMSSW_14_0_21_HZJ_312.tgz
288	314	HZJ_el8_amd64_gcc12_CMSSW_14_0_21_HZJ_288.tgz	HZJ_el8_amd64_gcc12_CMSSW_14_0_21_HZJ_314.tgz
290	316	HZJ_el8_amd64_gcc12_CMSSW_14_0_21_HZJ_290.tgz	HZJ_el8_amd64_gcc12_CMSSW_14_0_21_HZJ_316.tgz
293	317	HZJ_el8_amd64_gcc12_CMSSW_14_0_21_HZJ_293.tgz	HZJ_el8_amd64_gcc12_CMSSW_14_0_21_HZJ_317.tgz
296	319	HZJ_el8_amd64_gcc12_CMSSW_14_0_21_HZJ_296.tgz	HZJ_el8_amd64_gcc12_CMSSW_14_0_21_HZJ_319.tgz
298	320	HZJ_el8_amd64_gcc12_CMSSW_14_0_21_HZJ_298.tgz	HZJ_el8_amd64_gcc12_CMSSW_14_0_21_HZJ_320.tgz
301	322	HZJ_el8_amd64_gcc12_CMSSW_14_0_21_HZJ_301.tgz	HZJ_el8_amd64_gcc12_CMSSW_14_0_21_HZJ_322.tgz
304	324	HZJ_el8_amd64_gcc12_CMSSW_14_0_21_HZJ_304.tgz	HZJ_el8_amd64_gcc12_CMSSW_14_0_21_HZJ_324.tgz
306	325	HZJ_el8_amd64_gcc12_CMSSW_14_0_21_HZJ_306.tgz	HZJ_el8_amd64_gcc12_CMSSW_14_0_21_HZJ_325.tgz
309	327	HZJ_el8_amd64_gcc12_CMSSW_14_0_21_HZJ_309.tgz	HZJ_el8_amd64_gcc12_CMSSW_14_0_21_HZJ_327.tgz
311	328	HZJ_el8_amd64_gcc12_CMSSW_14_0_21_HZJ_311.tgz	HZJ_el8_amd64_gcc12_CMSSW_14_0_21_HZJ_328.tgz
314	330	HZJ_el8_amd64_gcc12_CMSSW_14_0_21_HZJ_314.tgz	HZJ_el8_amd64_gcc12_CMSSW_14_0_21_HZJ_330.tgz
317	331	HZJ_el8_amd64_gcc12_CMSSW_14_0_21_HZJ_317.tgz	HZJ_el8_amd64_gcc12_CMSSW_14_0_21_HZJ_331.tgz
319	333	HZJ_el8_amd64_gcc12_CMSSW_14_0_21_HZJ_319.tgz	HZJ_el8_amd64_gcc12_CMSSW_14_0_21_HZJ_333.tgz
322	334	HZJ_el8_amd64_gcc12_CMSSW_14_0_21_HZJ_322.tgz	HZJ_el8_amd64_gcc12_CMSSW_14_0_21_HZJ_334.tgz
325	336	HZJ_el8_amd64_gcc12_CMSSW_14_0_21_HZJ_325.tgz	HZJ_el8_amd64_gcc12_CMSSW_14_0_21_HZJ_336.tgz
327	338	HZJ_el8_amd64_gcc12_CMSSW_14_0_21_HZJ_327.tgz	HZJ_el8_amd64_gcc12_CMSSW_14_0_21_HZJ_338.tgz
330	339	HZJ_el8_amd64_gcc12_CMSSW_14_0_21_HZJ_330.tgz	HZJ_el8_amd64_gcc12_CMSSW_14_0_21_HZJ_339.tgz
333	341	HZJ_el8_amd64_gcc12_CMSSW_14_0_21_HZJ_333.tgz	HZJ_el8_amd64_gcc12_CMSSW_14_0_21_HZJ_341.tgz
335	342	HZJ_el8_amd64_gcc12_CMSSW_14_0_21_HZJ_335.tgz	HZJ_el8_amd64_gcc12_CMSSW_14_0_21_HZJ_342.tgz
338	344	HZJ_el8_amd64_gcc12_CMSSW_14_0_21_HZJ_338.tgz	HZJ_el8_amd64_gcc12_CMSSW_14_0_21_HZJ_344.tgz
341	345	HZJ_el8_amd64_gcc12_CMSSW_14_0_21_HZJ_341.tgz	HZJ_el8_amd64_gcc12_CMSSW_14_0_21_HZJ_345.tgz
344	347	HZJ_el8_amd64_gcc12_CMSSW_14_0_21_HZJ_344.tgz	HZJ_el8_amd64_gcc12_CMSSW_14_0_21_HZJ_347.tgz
346	348	HZJ_el8_amd64_gcc12_CMSSW_14_0_21_HZJ_346.tgz	HZJ_el8_amd64_gcc12_CMSSW_14_0_21_HZJ_348.tgz
349	350	HZJ_el8_amd64_gcc12_CMSSW_14_0_21_HZJ_349.tgz	HZJ_el8_amd64_gcc12_CMSSW_14_0_21_HZJ_350.tgz
40	40	HZJ_el8_amd64_gcc12_CMSSW_14_0_21_HZJ_40.tgz	HZJ_el8_amd64_gcc12_CMSSW_14_0_21_HZJ_40.tgz
40	40	HZJ_el8_amd64_gcc12_CMSSW_14_0_21_HZJ_40.tgz	HZJ_el8_amd64_gcc12_CMSSW_14_0_21_HZJ_40.tgz
40	40	HZJ_el8_amd64_gcc12_CMSSW_14_0_21_HZJ_40.tgz	HZJ_el8_amd64_gcc12_CMSSW_14_0_21_HZJ_40.tgz
40	40	HZJ_el8_amd64_gcc12_CMSSW_14_0_21_HZJ_40.tgz	HZJ_el8_amd64_gcc12_CMSSW_14_0_21_HZJ_40.tgz
40	40	HZJ_el8_amd64_gcc12_CMSSW_14_0_21_HZJ_40.tgz	HZJ_el8_amd64_gcc12_CMSSW_14_0_21_HZJ_40.tgz
40	40	HZJ_el8_amd64_gcc12_CMSSW_14_0_21_HZJ_40.tgz	HZJ_el8_amd64_gcc12_CMSSW_14_0_21_HZJ_40.tgz
40	40	HZJ_el8_amd64_gcc12_CMSSW_14_0_21_HZJ_40.tgz	HZJ_el8_amd64_gcc12_CMSSW_14_0_21_HZJ_40.tgz
40	40	HZJ_el8_amd64_gcc12_CMSSW_14_0_21_HZJ_40.tgz	HZJ_el8_amd64_gcc12_CMSSW_14_0_21_HZJ_40.tgz
40	41	HZJ_el8_amd64_gcc12_CMSSW_14_0_21_HZJ_40.tgz	HZJ_el8_amd64_gcc12_CMSSW_14_0_21_HZJ_41.tgz
40	41	HZJ_el8_amd64_gcc12_CMSSW_14_0_21_HZJ_40.tgz	HZJ_el8_amd64_gcc12_CMSSW_14_0_21_HZJ_41.tgz
40	41	HZJ_el8_amd64_gcc12_CMSSW_14_0_21_HZJ_40.tgz	HZJ_el8_amd64_gcc12_CMSSW_14_0_21_HZJ_41.tgz
40	41	HZJ_el8_amd64_gcc12_CMSSW_14_0_21_HZJ_40.tgz	HZJ_el8_amd64_gcc12_CMSSW_14_0_21_HZJ_41.tgz
41	41	HZJ_el8_amd64_gcc12_CMSSW_14_0_21_HZJ_41.tgz	HZJ_el8_amd64_gcc12_CMSSW_14_0_21_HZJ_41.tgz
41	41	HZJ_el8_amd64_gcc12_CMSSW_14_0_21_HZJ_41.tgz	HZJ_el8_amd64_gcc12_CMSSW_14_0_21_HZJ_41.tgz
41	41	HZJ_el8_amd64_gcc12_CMSSW_14_0_21_HZJ_41.tgz	HZJ_el8_amd64_gcc12_CMSSW_14_0_21_HZJ_41.tgz
41	42	HZJ_el8_amd64_gcc12_CMSSW_14_0_21_HZJ_41.tgz	HZJ_el8_amd64_gcc12_CMSSW_14_0_21_HZJ_42.tgz
41	42	HZJ_el8_amd64_gcc12_CMSSW_14_0_21_HZJ_41.tgz	HZJ_el8_amd64_gcc12_CMSSW_14_0_21_HZJ_42.tgz
41	42	HZJ_el8_amd64_gcc12_CMSSW_14_0_21_HZJ_41.tgz	HZJ_el8_amd64_gcc12_CMSSW_14_0_21_HZJ_42.tgz
41	42	HZJ_el8_amd64_gcc12_CMSSW_14_0_21_HZJ_41.tgz	HZJ_el8_amd64_gcc12_CMSSW_14_0_21_HZJ_42.tgz
41	42	HZJ_el8_amd64_gcc12_CMSSW_14_0_21_HZJ_41.tgz	HZJ_el8_amd64_gcc12_CMSSW_14_0_21_HZJ_42.tgz
41	42	HZJ_el8_amd64_gcc12_CMSSW_14_0_21_HZJ_41.tgz	HZJ_el8_amd64_gcc12_CMSSW_14_0_21_HZJ_42.tgz
41	42	HZJ_el8_amd64_gcc12_CMSSW_14_0_21_HZJ_41.tgz	HZJ_el8_amd64_gcc12_CMSSW_14_0_21_HZJ_42.tgz
41	43	HZJ_el8_amd64_gcc12_CMSSW_14_0_21_HZJ_41.tgz	HZJ_el8_amd64_gcc12_CMSSW_14_0_21_HZJ_43.tgz
42	43	HZJ_el8_amd64_gcc12_CMSSW_14_0_21_HZJ_42.tgz	HZJ_el8_amd64_gcc12_CMSSW_14_0_21_HZJ_43.tgz
42	43	HZJ_el8_amd64_gcc12_CMSSW_14_0_21_HZJ_42.tgz	HZJ_el8_amd64_gcc12_CMSSW_14_0_21_HZJ_43.tgz
42	43	HZJ_el8_amd64_gcc12_CMSSW_14_0_21_HZJ_42.tgz	HZJ_el8_amd64_gcc12_CMSSW_14_0_21_HZJ_43.tgz
42	43	HZJ_el8_amd64_gcc12_CMSSW_14_0_21_HZJ_42.tgz	HZJ_el8_amd64_gcc12_CMSSW_14_0_21_HZJ_43.tgz
42	43	HZJ_el8_amd64_gcc12_CMSSW_14_0_21_HZJ_42.tgz	HZJ_el8_amd64_gcc12_CMSSW_14_0_21_HZJ_43.tgz
42	43	HZJ_el8_amd64_gcc12_CMSSW_14_0_21_HZJ_42.tgz	HZJ_el8_amd64_gcc12_CMSSW_14_0_21_HZJ_43.tgz
42	44	HZJ_el8_amd64_gcc12_CMSSW_14_0_21_HZJ_42.tgz	HZJ_el8_amd64_gcc12_CMSSW_14_0_21_HZJ_44.tgz
42	44	HZJ_el8_amd64_gcc12_CMSSW_14_0_21_HZJ_42.tgz	HZJ_el8_amd64_gcc12_CMSSW_14_0_21_HZJ_44.tgz
42	44	HZJ_el8_amd64_gcc12_CMSSW_14_0_21_HZJ_42.tgz	HZJ_el8_amd64_gcc12_CMSSW_14_0_21_HZJ_44.tgz
42	44	HZJ_el8_amd64_gcc12_CMSSW_14_0_21_HZJ_42.tgz	HZJ_el8_amd64_gcc12_CMSSW_14_0_21_HZJ_44.tgz
43	44	HZJ_el8_amd64_gcc12_CMSSW_14_0_21_HZJ_43.tgz	HZJ_el8_amd64_gcc12_CMSSW_14_0_21_HZJ_44.tgz
43	45	HZJ_el8_amd64_gcc12_CMSSW_14_0_21_HZJ_43.tgz	HZJ_el8_amd64_gcc12_CMSSW_14_0_21_HZJ_45.tgz
43	45	HZJ_el8_amd64_gcc12_CMSSW_14_0_21_HZJ_43.tgz	HZJ_el8_amd64_gcc12_CMSSW_14_0_21_HZJ_45.tgz
43	45	HZJ_el8_amd64_gcc12_CMSSW_14_0_21_HZJ_43.tgz	HZJ_el8_amd64_gcc12_CMSSW_14_0_21_HZJ_45.tgz
43	45	HZJ_el8_amd64_gcc12_CMSSW_14_0_21_HZJ_43.tgz	HZJ_el8_amd64_gcc12_CMSSW_14_0_21_HZJ_45.tgz
43	45	HZJ_el8_amd64_gcc12_CMSSW_14_0_21_HZJ_43.tgz	HZJ_el8_amd64_gcc12_CMSSW_14_0_21_HZJ_45.tgz
43	46	HZJ_el8_amd64_gcc12_CMSSW_14_0_21_HZJ_43.tgz	HZJ_el8_amd64_gcc12_CMSSW_14_0_21_HZJ_46.tgz
43	46	HZJ_el8_amd64_gcc12_CMSSW_14_0_21_HZJ_43.tgz	HZJ_el8_amd64_gcc12_CMSSW_14_0_21_HZJ_46.tgz
44	46	HZJ_el8_amd64_gcc12_CMSSW_14_0_21_HZJ_44.tgz	HZJ_el8_amd64_gcc12_CMSSW_14_0_21_HZJ_46.tgz
44	46	HZJ_el8_amd64_gcc12_CMSSW_14_0_21_HZJ_44.tgz	HZJ_el8_amd64_gcc12_CMSSW_14_0_21_HZJ_46.tgz
44	46	HZJ_el8_amd64_gcc12_CMSSW_14_0_21_HZJ_44.tgz	HZJ_el8_amd64_gcc12_CMSSW_14_0_21_HZJ_46.tgz
44	47	HZJ_el8_amd64_gcc12_CMSSW_14_0_21_HZJ_44.tgz	HZJ_el8_amd64_gcc12_CMSSW_14_0_21_HZJ_47.tgz
44	47	HZJ_el8_amd64_gcc12_CMSSW_14_0_21_HZJ_44.tgz	HZJ_el8_amd64_gcc12_CMSSW_14_0_21_HZJ_47.tgz
44	47	HZJ_el8_amd64_gcc12_CMSSW_14_0_21_HZJ_44.tgz	HZJ_el8_amd64_gcc12_CMSSW_14_0_21_HZJ_47.tgz
44	47	HZJ_el8_amd64_gcc12_CMSSW_14_0_21_HZJ_44.tgz	HZJ_el8_amd64_gcc12_CMSSW_14_0_21_HZJ_47.tgz
44	47	HZJ_el8_amd64_gcc12_CMSSW_14_0_21_HZJ_44.tgz	HZJ_el8_amd64_gcc12_CMSSW_14_0_21_HZJ_47.tgz
45	48	HZJ_el8_amd64_gcc12_CMSSW_14_0_21_HZJ_45.tgz	HZJ_el8_amd64_gcc12_CMSSW_14_0_21_HZJ_48.tgz
45	48	HZJ_el8_amd64_gcc12_CMSSW_14_0_21_HZJ_45.tgz	HZJ_el8_amd64_gcc12_CMSSW_14_0_21_HZJ_48.tgz
45	48	HZJ_el8_amd64_gcc12_CMSSW_14_0_21_HZJ_45.tgz	HZJ_el8_amd64_gcc12_CMSSW_14_0_21_HZJ_48.tgz
45	48	HZJ_el8_amd64_gcc12_CMSSW_14_0_21_HZJ_45.tgz	HZJ_el8_amd64_gcc12_CMSSW_14_0_21_HZJ_48.tgz
45	48	HZJ_el8_amd64_gcc12_CMSSW_14_0_21_HZJ_45.tgz	HZJ_el8_amd64_gcc12_CMSSW_14_0_21_HZJ_48.tgz
45	49	HZJ_el8_amd64_gcc12_CMSSW_14_0_21_HZJ_45.tgz	HZJ_el8_amd64_gcc12_CMSSW_14_0_21_HZJ_49.tgz
45	49	HZJ_el8_amd64_gcc12_CMSSW_14_0_21_HZJ_45.tgz	HZJ_el8_amd64_gcc12_CMSSW_14_0_21_HZJ_49.tgz
46	49	HZJ_el8_amd64_gcc12_CMSSW_14_0_21_HZJ_46.tgz	HZJ_el8_amd64_gcc12_CMSSW_14_0_21_HZJ_49.tgz
46	49	HZJ_el8_amd64_gcc12_CMSSW_14_0_21_HZJ_46.tgz	HZJ_el8_amd64_gcc12_CMSSW_14_0_21_HZJ_49.tgz
46	50	HZJ_el8_amd64_gcc12_CMSSW_14_0_21_HZJ_46.tgz	HZJ_el8_amd64_gcc12_CMSSW_14_0_21_HZJ_50.tgz
46	50	HZJ_el8_amd64_gcc12_CMSSW_14_0_21_HZJ_46.tgz	HZJ_el8_amd64_gcc12_CMSSW_14_0_21_HZJ_50.tgz
46	50	HZJ_el8_amd64_gcc12_CMSSW_14_0_21_HZJ_46.tgz	HZJ_el8_amd64_gcc12_CMSSW_14_0_21_HZJ_50.tgz
46	50	HZJ_el8_amd64_gcc12_CMSSW_14_0_21_HZJ_46.tgz	HZJ_el8_amd64_gcc12_CMSSW_14_0_21_HZJ_50.tgz
47	51	HZJ_el8_amd64_gcc12_CMSSW_14_0_21_HZJ_47.tgz	HZJ_el8_amd64_gcc12_CMSSW_14_0_21_HZJ_51.tgz
47	51	HZJ_el8_amd64_gcc12_CMSSW_14_0_21_HZJ_47.tgz	HZJ_el8_amd64_gcc12_CMSSW_14_0_21_HZJ_51.tgz
47	51	HZJ_el8_amd64_gcc12_CMSSW_14_0_21_HZJ_47.tgz	HZJ_el8_amd64_gcc12_CMSSW_14_0_21_HZJ_51.tgz
47	51	HZJ_el8_amd64_gcc12_CMSSW_14_0_21_HZJ_47.tgz	HZJ_el8_amd64_gcc12_CMSSW_14_0_21_HZJ_51.tgz
47	52	HZJ_el8_amd64_gcc12_CMSSW_14_0_21_HZJ_47.tgz	HZJ_el8_amd64_gcc12_CMSSW_14_0_21_HZJ_52.tgz
47	52	HZJ_el8_amd64_gcc12_CMSSW_14_0_21_HZJ_47.tgz	HZJ_el8_amd64_gcc12_CMSSW_14_0_21_HZJ_52.tgz
48	52	HZJ_el8_amd64_gcc12_CMSSW_14_0_21_HZJ_48.tgz	HZJ_el8_amd64_gcc12_CMSSW_14_0_21_HZJ_52.tgz
48	53	HZJ_el8_amd64_gcc12_CMSSW_14_0_21_HZJ_48.tgz	HZJ_el8_amd64_gcc12_CMSSW_14_0_21_HZJ_53.tgz
48	53	HZJ_el8_amd64_gcc12_CMSSW_14_0_21_HZJ_48.tgz	HZJ_el8_amd64_gcc12_CMSSW_14_0_21_HZJ_53.tgz
48	53	HZJ_el8_amd64_gcc12_CMSSW_14_0_21_HZJ_48.tgz	HZJ_el8_amd64_gcc12_CMSSW_14_0_21_HZJ_53.tgz
48	53	HZJ_el8_amd64_gcc12_CMSSW_14_0_21_HZJ_48.tgz	HZJ_el8_amd64_gcc12_CMSSW_14_0_21_HZJ_53.tgz
48	54	HZJ_el8_amd64_gcc12_CMSSW_14_0_21_HZJ_48.tgz	HZJ_el8_amd64_gcc12_CMSSW_14_0_21_HZJ_54.tgz
49	54	HZJ_el8_amd64_gcc12_CMSSW_14_0_21_HZJ_49.tgz	HZJ_el8_amd64_gcc12_CMSSW_14_0_21_HZJ_54.tgz
49	54	HZJ_el8_amd64_gcc12_CMSSW_14_0_21_HZJ_49.tgz	HZJ_el8_amd64_gcc12_CMSSW_14_0_21_HZJ_54.tgz
49	55	HZJ_el8_amd64_gcc12_CMSSW_14_0_21_HZJ_49.tgz	HZJ_el8_amd64_gcc12_CMSSW_14_0_21_HZJ_55.tgz
49	55	HZJ_el8_amd64_gcc12_CMSSW_14_0_21_HZJ_49.tgz	HZJ_el8_amd64_gcc12_CMSSW_14_0_21_HZJ_55.tgz
49	55	HZJ_el8_amd64_gcc12_CMSSW_14_0_21_HZJ_49.tgz	HZJ_el8_amd64_gcc12_CMSSW_14_0_21_HZJ_55.tgz
49	56	HZJ_el8_amd64_gcc12_CMSSW_14_0_21_HZJ_49.tgz	HZJ_el8_amd64_gcc12_CMSSW_14_0_21_HZJ_56.tgz
50	56	HZJ_el8_amd64_gcc12_CMSSW_14_0_21_HZJ_50.tgz	HZJ_el8_amd64_gcc12_CMSSW_14_0_21_HZJ_56.tgz
50	56	HZJ_el8_amd64_gcc12_CMSSW_14_0_21_HZJ_50.tgz	HZJ_el8_amd64_gcc12_CMSSW_14_0_21_HZJ_56.tgz
50	57	HZJ_el8_amd64_gcc12_CMSSW_14_0_21_HZJ_50.tgz	HZJ_el8_amd64_gcc12_CMSSW_14_0_21_HZJ_57.tgz
50	57	HZJ_el8_amd64_gcc12_CMSSW_14_0_21_HZJ_50.tgz	HZJ_el8_amd64_gcc12_CMSSW_14_0_21_HZJ_57.tgz
50	57	HZJ_el8_amd64_gcc12_CMSSW_14_0_21_HZJ_50.tgz	HZJ_el8_amd64_gcc12_CMSSW_14_0_21_HZJ_57.tgz
51	58	HZJ_el8_amd64_gcc12_CMSSW_14_0_21_HZJ_51.tgz	HZJ_el8_amd64_gcc12_CMSSW_14_0_21_HZJ_58.tgz
51	58	HZJ_el8_amd64_gcc12_CMSSW_14_0_21_HZJ_51.tgz	HZJ_el8_amd64_gcc12_CMSSW_14_0_21_HZJ_58.tgz
51	58	HZJ_el8_amd64_gcc12_CMSSW_14_0_21_HZJ_51.tgz	HZJ_el8_amd64_gcc12_CMSSW_14_0_21_HZJ_58.tgz
51	59	HZJ_el8_amd64_gcc12_CMSSW_14_0_21_HZJ_51.tgz	HZJ_el8_amd64_gcc12_CMSSW_14_0_21_HZJ_59.tgz
51	59	HZJ_el8_amd64_gcc12_CMSSW_14_0_21_HZJ_51.tgz	HZJ_el8_amd64_gcc12_CMSSW_14_0_21_HZJ_59.tgz
52	59	HZJ_el8_amd64_gcc12_CMSSW_14_0_21_HZJ_52.tgz	HZJ_el8_amd64_gcc12_CMSSW_14_0_21_HZJ_59.tgz
52	60	HZJ_el8_amd64_gcc12_CMSSW_14_0_21_HZJ_52.tgz	HZJ_el8_amd64_gcc12_CMSSW_14_0_21_HZJ_60.tgz
52	60	HZJ_el8_amd64_gcc12_CMSSW_14_0_21_HZJ_52.tgz	HZJ_el8_amd64_gcc12_CMSSW_14_0_21_HZJ_60.tgz
52	61	HZJ_el8_amd64_gcc12_CMSSW_14_0_21_HZJ_52.tgz	HZJ_el8_amd64_gcc12_CMSSW_14_0_21_HZJ_61.tgz
52	61	HZJ_el8_amd64_gcc12_CMSSW_14_0_21_HZJ_52.tgz	HZJ_el8_amd64_gcc12_CMSSW_14_0_21_HZJ_61.tgz
53	61	HZJ_el8_amd64_gcc12_CMSSW_14_0_21_HZJ_53.tgz	HZJ_el8_amd64_gcc12_CMSSW_14_0_21_HZJ_61.tgz
53	62	HZJ_el8_amd64_gcc12_CMSSW_14_0_21_HZJ_53.tgz	HZJ_el8_amd64_gcc12_CMSSW_14_0_21_HZJ_62.tgz
53	62	HZJ_el8_amd64_gcc12_CMSSW_14_0_21_HZJ_53.tgz	HZJ_el8_amd64_gcc12_CMSSW_14_0_21_HZJ_62.tgz
53	63	HZJ_el8_amd64_gcc12_CMSSW_14_0_21_HZJ_53.tgz	HZJ_el8_amd64_gcc12_CMSSW_14_0_21_HZJ_63.tgz
54	63	HZJ_el8_amd64_gcc12_CMSSW_14_0_21_HZJ_54.tgz	HZJ_el8_amd64_gcc12_CMSSW_14_0_21_HZJ_63.tgz
54	64	HZJ_el8_amd64_gcc12_CMSSW_14_0_21_HZJ_54.tgz	HZJ_el8_amd64_gcc12_CMSSW_14_0_21_HZJ_64.tgz
54	64	HZJ_el8_amd64_gcc12_CMSSW_14_0_21_HZJ_54.tgz	HZJ_el8_amd64_gcc12_CMSSW_14_0_21_HZJ_64.tgz
54	64	HZJ_el8_amd64_gcc12_CMSSW_14_0_21_HZJ_54.tgz	HZJ_el8_amd64_gcc12_CMSSW_14_0_21_HZJ_64.tgz
55	65	HZJ_el8_amd64_gcc12_CMSSW_14_0_21_HZJ_55.tgz	HZJ_el8_amd64_gcc12_CMSSW_14_0_21_HZJ_65.tgz
55	65	HZJ_el8_amd64_gcc12_CMSSW_14_0_21_HZJ_55.tgz	HZJ_el8_amd64_gcc12_CMSSW_14_0_21_HZJ_65.tgz
55	66	HZJ_el8_amd64_gcc12_CMSSW_14_0_21_HZJ_55.tgz	HZJ_el8_amd64_gcc12_CMSSW_14_0_21_HZJ_66.tgz
55	66	HZJ_el8_amd64_gcc12_CMSSW_14_0_21_HZJ_55.tgz	HZJ_el8_amd64_gcc12_CMSSW_14_0_21_HZJ_66.tgz
56	67	HZJ_el8_amd64_gcc12_CMSSW_14_0_21_HZJ_56.tgz	HZJ_el8_amd64_gcc12_CMSSW_14_0_21_HZJ_67.tgz
56	67	HZJ_el8_amd64_gcc12_CMSSW_14_0_21_HZJ_56.tgz	HZJ_el8_amd64_gcc12_CMSSW_14_0_21_HZJ_67.tgz
56	68	HZJ_el8_amd64_gcc12_CMSSW_14_0_21_HZJ_56.tgz	HZJ_el8_amd64_gcc12_CMSSW_14_0_21_HZJ_68.tgz
57	68	HZJ_el8_amd64_gcc12_CMSSW_14_0_21_HZJ_57.tgz	HZJ_el8_amd64_gcc12_CMSSW_14_0_21_HZJ_68.tgz
57	69	HZJ_el8_amd64_gcc12_CMSSW_14_0_21_HZJ_57.tgz	HZJ_el8_amd64_gcc12_CMSSW_14_0_21_HZJ_69.tgz
57	69	HZJ_el8_amd64_gcc12_CMSSW_14_0_21_HZJ_57.tgz	HZJ_el8_amd64_gcc12_CMSSW_14_0_21_HZJ_69.tgz
57	70	HZJ_el8_amd64_gcc12_CMSSW_14_0_21_HZJ_57.tgz	HZJ_el8_amd64_gcc12_CMSSW_14_0_21_HZJ_70.tgz
58	70	HZJ_el8_amd64_gcc12_CMSSW_14_0_21_HZJ_58.tgz	HZJ_el8_amd64_gcc12_CMSSW_14_0_21_HZJ_70.tgz
58	71	HZJ_el8_amd64_gcc12_CMSSW_14_0_21_HZJ_58.tgz	HZJ_el8_amd64_gcc12_CMSSW_14_0_21_HZJ_71.tgz
58	71	HZJ_el8_amd64_gcc12_CMSSW_14_0_21_HZJ_58.tgz	HZJ_el8_amd64_gcc12_CMSSW_14_0_21_HZJ_71.tgz
59	72	HZJ_el8_amd64_gcc12_CMSSW_14_0_21_HZJ_59.tgz	HZJ_el8_amd64_gcc12_CMSSW_14_0_21_HZJ_72.tgz
59	73	HZJ_el8_amd64_gcc12_CMSSW_14_0_21_HZJ_59.tgz	HZJ_el8_amd64_gcc12_CMSSW_14_0_21_HZJ_73.tgz
59	73	HZJ_el8_amd64_gcc12_CMSSW_14_0_21_HZJ_59.tgz	HZJ_el8_amd64_gcc12_CMSSW_14_0_21_HZJ_73.tgz
60	74	HZJ_el8_amd64_gcc12_CMSSW_14_0_21_HZJ_60.tgz	HZJ_el8_amd64_gcc12_CMSSW_14_0_21_HZJ_74.tgz
60	74	HZJ_el8_amd64_gcc12_CMSSW_14_0_21_HZJ_60.tgz	HZJ_el8_amd64_gcc12_CMSSW_14_0_21_HZJ_74.tgz
60	75	HZJ_el8_amd64_gcc12_CMSSW_14_0_21_HZJ_60.tgz	HZJ_el8_amd64_gcc12_CMSSW_14_0_21_HZJ_75.tgz
61	76	HZJ_el8_amd64_gcc12_CMSSW_14_0_21_HZJ_61.tgz	HZJ_el8_amd64_gcc12_CMSSW_14_0_21_HZJ_76.tgz
61	76	HZJ_el8_amd64_gcc12_CMSSW_14_0_21_HZJ_61.tgz	HZJ_el8_amd64_gcc12_CMSSW_14_0_21_HZJ_76.tgz
61	77	HZJ_el8_amd64_gcc12_CMSSW_14_0_21_HZJ_61.tgz	HZJ_el8_amd64_gcc12_CMSSW_14_0_21_HZJ_77.tgz
62	77	HZJ_el8_amd64_gcc12_CMSSW_14_0_21_HZJ_62.tgz	HZJ_el8_amd64_gcc12_CMSSW_14_0_21_HZJ_77.tgz
62	78	HZJ_el8_amd64_gcc12_CMSSW_14_0_21_HZJ_62.tgz	HZJ_el8_amd64_gcc12_CMSSW_14_0_21_HZJ_78.tgz
62	79	HZJ_el8_amd64_gcc12_CMSSW_14_0_21_HZJ_62.tgz	HZJ_el8_amd64_gcc12_CMSSW_14_0_21_HZJ_79.tgz
63	79	HZJ_el8_amd64_gcc12_CMSSW_14_0_21_HZJ_63.tgz	HZJ_el8_amd64_gcc12_CMSSW_14_0_21_HZJ_79.tgz
63	80	HZJ_el8_amd64_gcc12_CMSSW_14_0_21_HZJ_63.tgz	HZJ_el8_amd64_gcc12_CMSSW_14_0_21_HZJ_80.tgz
63	81	HZJ_el8_amd64_gcc12_CMSSW_14_0_21_HZJ_63.tgz	HZJ_el8_amd64_gcc12_CMSSW_14_0_21_HZJ_81.tgz
64	81	HZJ_el8_amd64_gcc12_CMSSW_14_0_21_HZJ_64.tgz	HZJ_el8_amd64_gcc12_CMSSW_14_0_21_HZJ_81.tgz
64	82	HZJ_el8_amd64_gcc12_CMSSW_14_0_21_HZJ_64.tgz	HZJ_el8_amd64_gcc12_CMSSW_14_0_21_HZJ_82.tgz
65	83	HZJ_el8_amd64_gcc12_CMSSW_14_0_21_HZJ_65.tgz	HZJ_el8_amd64_gcc12_CMSSW_14_0_21_HZJ_83.tgz
65	84	HZJ_el8_amd64_gcc12_CMSSW_14_0_21_HZJ_65.tgz	HZJ_el8_amd64_gcc12_CMSSW_14_0_21_HZJ_84.tgz
65	84	HZJ_el8_amd64_gcc12_CMSSW_14_0_21_HZJ_65.tgz	HZJ_el8_amd64_gcc12_CMSSW_14_0_21_HZJ_84.tgz
66	85	HZJ_el8_amd64_gcc12_CMSSW_14_0_21_HZJ_66.tgz	HZJ_el8_amd64_gcc12_CMSSW_14_0_21_HZJ_85.tgz
66	86	HZJ_el8_amd64_gcc12_CMSSW_14_0_21_HZJ_66.tgz	HZJ_el8_amd64_gcc12_CMSSW_14_0_21_HZJ_86.tgz
67	86	HZJ_el8_amd64_gcc12_CMSSW_14_0_21_HZJ_67.tgz	HZJ_el8_amd64_gcc12_CMSSW_14_0_21_HZJ_86.tgz
67	87	HZJ_el8_amd64_gcc12_CMSSW_14_0_21_HZJ_67.tgz	HZJ_el8_amd64_gcc12_CMSSW_14_0_21_HZJ_87.tgz
68	88	HZJ_el8_amd64_gcc12_CMSSW_14_0_21_HZJ_68.tgz	HZJ_el8_amd64_gcc12_CMSSW_14_0_21_HZJ_88.tgz
68	89	HZJ_el8_amd64_gcc12_CMSSW_14_0_21_HZJ_68.tgz	HZJ_el8_amd64_gcc12_CMSSW_14_0_21_HZJ_89.tgz
68	90	HZJ_el8_amd64_gcc12_CMSSW_14_0_21_HZJ_68.tgz	HZJ_el8_amd64_gcc12_CMSSW_14_0_21_HZJ_90.tgz
69	90	HZJ_el8_amd64_gcc12_CMSSW_14_0_21_HZJ_69.tgz	HZJ_el8_amd64_gcc12_CMSSW_14_0_21_HZJ_90.tgz
69	91	HZJ_el8_amd64_gcc12_CMSSW_14_0_21_HZJ_69.tgz	HZJ_el8_amd64_gcc12_CMSSW_14_0_21_HZJ_91.tgz
70	92	HZJ_el8_amd64_gcc12_CMSSW_14_0_21_HZJ_70.tgz	HZJ_el8_amd64_gcc12_CMSSW_14_0_21_HZJ_92.tgz
70	93	HZJ_el8_amd64_gcc12_CMSSW_14_0_21_HZJ_70.tgz	HZJ_el8_amd64_gcc12_CMSSW_14_0_21_HZJ_93.tgz
71	94	HZJ_el8_amd64_gcc12_CMSSW_14_0_21_HZJ_71.tgz	HZJ_el8_amd64_gcc12_CMSSW_14_0_21_HZJ_94.tgz
71	95	HZJ_el8_amd64_gcc12_CMSSW_14_0_21_HZJ_71.tgz	HZJ_el8_amd64_gcc12_CMSSW_14_0_21_HZJ_95.tgz
72	96	HZJ_el8_amd64_gcc12_CMSSW_14_0_21_HZJ_72.tgz	HZJ_el8_amd64_gcc12_CMSSW_14_0_21_HZJ_96.tgz
72	96	HZJ_el8_amd64_gcc12_CMSSW_14_0_21_HZJ_72.tgz	HZJ_el8_amd64_gcc12_CMSSW_14_0_21_HZJ_96.tgz
73	97	HZJ_el8_amd64_gcc12_CMSSW_14_0_21_HZJ_73.tgz	HZJ_el8_amd64_gcc12_CMSSW_14_0_21_HZJ_97.tgz
73	98	HZJ_el8_amd64_gcc12_CMSSW_14_0_21_HZJ_73.tgz	HZJ_el8_amd64_gcc12_CMSSW_14_0_21_HZJ_98.tgz
74	99	HZJ_el8_amd64_gcc12_CMSSW_14_0_21_HZJ_74.tgz	HZJ_el8_amd64_gcc12_CMSSW_14_0_21_HZJ_99.tgz
74	100	HZJ_el8_amd64_gcc12_CMSSW_14_0_21_HZJ_74.tgz	HZJ_el8_amd64_gcc12_CMSSW_14_0_21_HZJ_100.tgz
75	101	HZJ_el8_amd64_gcc12_CMSSW_14_0_21_HZJ_75.tgz	HZJ_el8_amd64_gcc12_CMSSW_14_0_21_HZJ_101.tgz
76	102	HZJ_el8_amd64_gcc12_CMSSW_14_0_21_HZJ_76.tgz	HZJ_el8_amd64_gcc12_CMSSW_14_0_21_HZJ_102.tgz
76	103	HZJ_el8_amd64_gcc12_CMSSW_14_0_21_HZJ_76.tgz	HZJ_el8_amd64_gcc12_CMSSW_14_0_21_HZJ_103.tgz
77	104	HZJ_el8_amd64_gcc12_CMSSW_14_0_21_HZJ_77.tgz	HZJ_el8_amd64_gcc12_CMSSW_14_0_21_HZJ_104.tgz
77	105	HZJ_el8_amd64_gcc12_CMSSW_14_0_21_HZJ_77.tgz	HZJ_el8_amd64_gcc12_CMSSW_14_0_21_HZJ_105.tgz
78	106	HZJ_el8_amd64_gcc12_CMSSW_14_0_21_HZJ_78.tgz	HZJ_el8_amd64_gcc12_CMSSW_14_0_21_HZJ_106.tgz
78	107	HZJ_el8_amd64_gcc12_CMSSW_14_0_21_HZJ_78.tgz	HZJ_el8_amd64_gcc12_CMSSW_14_0_21_HZJ_107.tgz
79	108	HZJ_el8_amd64_gcc12_CMSSW_14_0_21_HZJ_79.tgz	HZJ_el8_amd64_gcc12_CMSSW_14_0_21_HZJ_108.tgz
80	109	HZJ_el8_amd64_gcc12_CMSSW_14_0_21_HZJ_80.tgz	HZJ_el8_amd64_gcc12_CMSSW_14_0_21_HZJ_109.tgz
80	110	HZJ_el8_amd64_gcc12_CMSSW_14_0_21_HZJ_80.tgz	HZJ_el8_amd64_gcc12_CMSSW_14_0_21_HZJ_110.tgz
81	111	HZJ_el8_amd64_gcc12_CMSSW_14_0_21_HZJ_81.tgz	HZJ_el8_amd64_gcc12_CMSSW_14_0_21_HZJ_111.tgz
82	113	HZJ_el8_amd64_gcc12_CMSSW_14_0_21_HZJ_82.tgz	HZJ_el8_amd64_gcc12_CMSSW_14_0_21_HZJ_113.tgz
82	114	HZJ_el8_amd64_gcc12_CMSSW_14_0_21_HZJ_82.tgz	HZJ_el8_amd64_gcc12_CMSSW_14_0_21_HZJ_114.tgz
83	115	HZJ_el8_amd64_gcc12_CMSSW_14_0_21_HZJ_83.tgz	HZJ_el8_amd64_gcc12_CMSSW_14_0_21_HZJ_115.tgz
84	116	HZJ_el8_amd64_gcc12_CMSSW_14_0_21_HZJ_84.tgz	HZJ_el8_amd64_gcc12_CMSSW_14_0_21_HZJ_116.tgz
84	117	HZJ_el8_amd64_gcc12_CMSSW_14_0_21_HZJ_84.tgz	HZJ_el8_amd64_gcc12_CMSSW_14_0_21_HZJ_117.tgz
85	118	HZJ_el8_amd64_gcc12_CMSSW_14_0_21_HZJ_85.tgz	HZJ_el8_amd64_gcc12_CMSSW_14_0_21_HZJ_118.tgz
86	120	HZJ_el8_amd64_gcc12_CMSSW_14_0_21_HZJ_86.tgz	HZJ_el8_amd64_gcc12_CMSSW_14_0_21_HZJ_120.tgz
87	121	HZJ_el8_amd64_gcc12_CMSSW_14_0_21_HZJ_87.tgz	HZJ_el8_amd64_gcc12_CMSSW_14_0_21_HZJ_121.tgz
87	122	HZJ_el8_amd64_gcc12_CMSSW_14_0_21_HZJ_87.tgz	HZJ_el8_amd64_gcc12_CMSSW_14_0_21_HZJ_122.tgz
88	123	HZJ_el8_amd64_gcc12_CMSSW_14_0_21_HZJ_88.tgz	HZJ_el8_amd64_gcc12_CMSSW_14_0_21_HZJ_123.tgz
89	125	HZJ_el8_amd64_gcc12_CMSSW_14_0_21_HZJ_89.tgz	HZJ_el8_amd64_gcc12_CMSSW_14_0_21_HZJ_125.tgz
90	126	HZJ_el8_amd64_gcc12_CMSSW_14_0_21_HZJ_90.tgz	HZJ_el8_amd64_gcc12_CMSSW_14_0_21_HZJ_126.tgz
90	127	HZJ_el8_amd64_gcc12_CMSSW_14_0_21_HZJ_90.tgz	HZJ_el8_amd64_gcc12_CMSSW_14_0_21_HZJ_127.tgz
91	129	HZJ_el8_amd64_gcc12_CMSSW_14_0_21_HZJ_91.tgz	HZJ_el8_amd64_gcc12_CMSSW_14_0_21_HZJ_129.tgz
92	130	HZJ_el8_amd64_gcc12_CMSSW_14_0_21_HZJ_92.tgz	HZJ_el8_amd64_gcc12_CMSSW_14_0_21_HZJ_130.tgz
93	131	HZJ_el8_amd64_gcc12_CMSSW_14_0_21_HZJ_93.tgz	HZJ_el8_amd64_gcc12_CMSSW_14_0_21_HZJ_131.tgz
94	133	HZJ_el8_amd64_gcc12_CMSSW_14_0_21_HZJ_94.tgz	HZJ_el8_amd64_gcc12_CMSSW_14_0_21_HZJ_133.tgz
95	134	HZJ_el8_amd64_gcc12_CMSSW_14_0_21_HZJ_95.tgz	HZJ_el8_amd64_gcc12_CMSSW_14_0_21_HZJ_134.tgz
96	135	HZJ_el8_amd64_gcc12_CMSSW_14_0_21_HZJ_96.tgz	HZJ_el8_amd64_gcc12_CMSSW_14_0_21_HZJ_135.tgz
96	137	HZJ_el8_amd64_gcc12_CMSSW_14_0_21_HZJ_96.tgz	HZJ_el8_amd64_gcc12_CMSSW_14_0_21_HZJ_137.tgz
97	138	HZJ_el8_amd64_gcc12_CMSSW_14_0_21_HZJ_97.tgz	HZJ_el8_amd64_gcc12_CMSSW_14_0_21_HZJ_138.tgz
98	140	HZJ_el8_amd64_gcc12_CMSSW_14_0_21_HZJ_98.tgz	HZJ_el8_amd64_gcc12_CMSSW_14_0_21_HZJ_140.tgz
99	141	HZJ_el8_amd64_gcc12_CMSSW_14_0_21_HZJ_99.tgz	HZJ_el8_amd64_gcc12_CMSSW_14_0_21_HZJ_141.tgz
100	143	HZJ_el8_amd64_gcc12_CMSSW_14_0_21_HZJ_100.tgz	HZJ_el8_amd64_gcc12_CMSSW_14_0_21_HZJ_143.tgz
101	144	HZJ_el8_amd64_gcc12_CMSSW_14_0_21_HZJ_101.tgz	HZJ_el8_amd64_gcc12_CMSSW_14_0_21_HZJ_144.tgz
102	146	HZJ_el8_amd64_gcc12_CMSSW_14_0_21_HZJ_102.tgz	HZJ_el8_amd64_gcc12_CMSSW_14_0_21_HZJ_146.tgz
103	147	HZJ_el8_amd64_gcc12_CMSSW_14_0_21_HZJ_103.tgz	HZJ_el8_amd64_gcc12_CMSSW_14_0_21_HZJ_147.tgz
104	149	HZJ_el8_amd64_gcc12_CMSSW_14_0_21_HZJ_104.tgz	HZJ_el8_amd64_gcc12_CMSSW_14_0_21_HZJ_149.tgz
105	150	HZJ_el8_amd64_gcc12_CMSSW_14_0_21_HZJ_105.tgz	HZJ_el8_amd64_gcc12_CMSSW_14_0_21_HZJ_150.tgz
106	152	HZJ_el8_amd64_gcc12_CMSSW_14_0_21_HZJ_106.tgz	HZJ_el8_amd64_gcc12_CMSSW_14_0_21_HZJ_152.tgz
107	154	HZJ_el8_amd64_gcc12_CMSSW_14_0_21_HZJ_107.tgz	HZJ_el8_amd64_gcc12_CMSSW_14_0_21_HZJ_154.tgz
108	155	HZJ_el8_amd64_gcc12_CMSSW_14_0_21_HZJ_108.tgz	HZJ_el8_amd64_gcc12_CMSSW_14_0_21_HZJ_155.tgz
109	157	HZJ_el8_amd64_gcc12_CMSSW_14_0_21_HZJ_109.tgz	HZJ_el8_amd64_gcc12_CMSSW_14_0_21_HZJ_157.tgz
111	158	HZJ_el8_amd64_gcc12_CMSSW_14_0_21_HZJ_111.tgz	HZJ_el8_amd64_gcc12_CMSSW_14_0_21_HZJ_158.tgz
112	160	HZJ_el8_amd64_gcc12_CMSSW_14_0_21_HZJ_112.tgz	HZJ_el8_amd64_gcc12_CMSSW_14_0_21_HZJ_160.tgz
113	162	HZJ_el8_amd64_gcc12_CMSSW_14_0_21_HZJ_113.tgz	HZJ_el8_amd64_gcc12_CMSSW_14_0_21_HZJ_162.tgz
114	163	HZJ_el8_amd64_gcc12_CMSSW_14_0_21_HZJ_114.tgz	HZJ_el8_amd64_gcc12_CMSSW_14_0_21_HZJ_163.tgz
115	165	HZJ_el8_amd64_gcc12_CMSSW_14_0_21_HZJ_115.tgz	HZJ_el8_amd64_gcc12_CMSSW_14_0_21_HZJ_165.tgz
117	167	HZJ_el8_amd64_gcc12_CMSSW_14_0_21_HZJ_117.tgz	HZJ_el8_amd64_gcc12_CMSSW_14_0_21_HZJ_167.tgz
118	169	HZJ_el8_amd64_gcc12_CMSSW_14_0_21_HZJ_118.tgz	HZJ_el8_amd64_gcc12_CMSSW_14_0_21_HZJ_169.tgz
119	170	HZJ_el8_amd64_gcc12_CMSSW_14_0_21_HZJ_119.tgz	HZJ_el8_amd64_gcc12_CMSSW_14_0_21_HZJ_170.tgz
120	172	HZJ_el8_amd64_gcc12_CMSSW_14_0_21_HZJ_120.tgz	HZJ_el8_amd64_gcc12_CMSSW_14_0_21_HZJ_172.tgz
122	174	HZJ_el8_amd64_gcc12_CMSSW_14_0_21_HZJ_122.tgz	HZJ_el8_amd64_gcc12_CMSSW_14_0_21_HZJ_174.tgz
123	175	HZJ_el8_amd64_gcc12_CMSSW_14_0_21_HZJ_123.tgz	HZJ_el8_amd64_gcc12_CMSSW_14_0_21_HZJ_175.tgz
124	177	HZJ_el8_amd64_gcc12_CMSSW_14_0_21_HZJ_124.tgz	HZJ_el8_amd64_gcc12_CMSSW_14_0_21_HZJ_177.tgz
126	179	HZJ_el8_amd64_gcc12_CMSSW_14_0_21_HZJ_126.tgz	HZJ_el8_amd64_gcc12_CMSSW_14_0_21_HZJ_179.tgz
127	181	HZJ_el8_amd64_gcc12_CMSSW_14_0_21_HZJ_127.tgz	HZJ_el8_amd64_gcc12_CMSSW_14_0_21_HZJ_181.tgz
129	182	HZJ_el8_amd64_gcc12_CMSSW_14_0_21_HZJ_129.tgz	HZJ_el8_amd64_gcc12_CMSSW_14_0_21_HZJ_182.tgz
130	184	HZJ_el8_amd64_gcc12_CMSSW_14_0_21_HZJ_130.tgz	HZJ_el8_amd64_gcc12_CMSSW_14_0_21_HZJ_184.tgz
132	186	HZJ_el8_amd64_gcc12_CMSSW_14_0_21_HZJ_132.tgz	HZJ_el8_amd64_gcc12_CMSSW_14_0_21_HZJ_186.tgz
133	188	HZJ_el8_amd64_gcc12_CMSSW_14_0_21_HZJ_133.tgz	HZJ_el8_amd64_gcc12_CMSSW_14_0_21_HZJ_188.tgz
135	190	HZJ_el8_amd64_gcc12_CMSSW_14_0_21_HZJ_135.tgz	HZJ_el8_amd64_gcc12_CMSSW_14_0_21_HZJ_190.tgz
136	192	HZJ_el8_amd64_gcc12_CMSSW_14_0_21_HZJ_136.tgz	HZJ_el8_amd64_gcc12_CMSSW_14_0_21_HZJ_192.tgz
138	193	HZJ_el8_amd64_gcc12_CMSSW_14_0_21_HZJ_138.tgz	HZJ_el8_amd64_gcc12_CMSSW_14_0_21_HZJ_193.tgz
139	195	HZJ_el8_amd64_gcc12_CMSSW_14_0_21_HZJ_139.tgz	HZJ_el8_amd64_gcc12_CMSSW_14_0_21_HZJ_195.tgz
141	197	HZJ_el8_amd64_gcc12_CMSSW_14_0_21_HZJ_141.tgz	HZJ_el8_amd64_gcc12_CMSSW_14_0_21_HZJ_197.tgz
143	199	HZJ_el8_amd64_gcc12_CMSSW_14_0_21_HZJ_143.tgz	HZJ_el8_amd64_gcc12_CMSSW_14_0_21_HZJ_199.tgz
144	201	HZJ_el8_amd64_gcc12_CMSSW_14_0_21_HZJ_144.tgz	HZJ_el8_amd64_gcc12_CMSSW_14_0_21_HZJ_201.tgz
146	203	HZJ_el8_amd64_gcc12_CMSSW_14_0_21_HZJ_146.tgz	HZJ_el8_amd64_gcc12_CMSSW_14_0_21_HZJ_203.tgz
148	205	HZJ_el8_amd64_gcc12_CMSSW_14_0_21_HZJ_148.tgz	HZJ_el8_amd64_gcc12_CMSSW_14_0_21_HZJ_205.tgz
150	207	HZJ_el8_amd64_gcc12_CMSSW_14_0_21_HZJ_150.tgz	HZJ_el8_amd64_gcc12_CMSSW_14_0_21_HZJ_207.tgz
151	208	HZJ_el8_amd64_gcc12_CMSSW_14_0_21_HZJ_151.tgz	HZJ_el8_amd64_gcc12_CMSSW_14_0_21_HZJ_208.tgz
153	210	HZJ_el8_amd64_gcc12_CMSSW_14_0_21_HZJ_153.tgz	HZJ_el8_amd64_gcc12_CMSSW_14_0_21_HZJ_210.tgz
155	212	HZJ_el8_amd64_gcc12_CMSSW_14_0_21_HZJ_155.tgz	HZJ_el8_amd64_gcc12_CMSSW_14_0_21_HZJ_212.tgz
157	214	HZJ_el8_amd64_gcc12_CMSSW_14_0_21_HZJ_157.tgz	HZJ_el8_amd64_gcc12_CMSSW_14_0_21_HZJ_214.tgz
159	216	HZJ_el8_amd64_gcc12_CMSSW_14_0_21_HZJ_159.tgz	HZJ_el8_amd64_gcc12_CMSSW_14_0_21_HZJ_216.tgz
161	218	HZJ_el8_amd64_gcc12_CMSSW_14_0_21_HZJ_161.tgz	HZJ_el8_amd64_gcc12_CMSSW_14_0_21_HZJ_218.tgz
163	220	HZJ_el8_amd64_gcc12_CMSSW_14_0_21_HZJ_163.tgz	HZJ_el8_amd64_gcc12_CMSSW_14_0_21_HZJ_220.tgz
165	222	HZJ_el8_amd64_gcc12_CMSSW_14_0_21_HZJ_165.tgz	HZJ_el8_amd64_gcc12_CMSSW_14_0_21_HZJ_222.tgz
166	224	HZJ_el8_amd64_gcc12_CMSSW_14_0_21_HZJ_166.tgz	HZJ_el8_amd64_gcc12_CMSSW_14_0_21_HZJ_224.tgz
168	225	HZJ_el8_amd64_gcc12_CMSSW_14_0_21_HZJ_168.tgz	HZJ_el8_amd64_gcc12_CMSSW_14_0_21_HZJ_225.tgz
171	227	HZJ_el8_amd64_gcc12_CMSSW_14_0_21_HZJ_171.tgz	HZJ_el8_amd64_gcc12_CMSSW_14_0_21_HZJ_227.tgz
173	229	HZJ_el8_amd64_gcc12_CMSSW_14_0_21_HZJ_173.tgz	HZJ_el8_amd64_gcc12_CMSSW_14_0_21_HZJ_229.tgz
175	231	HZJ_el8_amd64_gcc12_CMSSW_14_0_21_HZJ_175.tgz	HZJ_el8_amd64_gcc12_CMSSW_14_0_21_HZJ_231.tgz
177	233	HZJ_el8_amd64_gcc12_CMSSW_14_0_21_HZJ_177.tgz	HZJ_el8_amd64_gcc12_CMSSW_14_0_21_HZJ_233.tgz
179	235	HZJ_el8_amd64_gcc12_CMSSW_14_0_21_HZJ_179.tgz	HZJ_el8_amd64_gcc12_CMSSW_14_0_21_HZJ_235.tgz
181	237	HZJ_el8_amd64_gcc12_CMSSW_14_0_21_HZJ_181.tgz	HZJ_el8_amd64_gcc12_CMSSW_14_0_21_HZJ_237.tgz
183	239	HZJ_el8_amd64_gcc12_CMSSW_14_0_21_HZJ_183.tgz	HZJ_el8_amd64_gcc12_CMSSW_14_0_21_HZJ_239.tgz
185	241	HZJ_el8_amd64_gcc12_CMSSW_14_0_21_HZJ_185.tgz	HZJ_el8_amd64_gcc12_CMSSW_14_0_21_HZJ_241.tgz
187	243	HZJ_el8_amd64_gcc12_CMSSW_14_0_21_HZJ_187.tgz	HZJ_el8_amd64_gcc12_CMSSW_14_0_21_HZJ_243.tgz
190	244	HZJ_el8_amd64_gcc12_CMSSW_14_0_21_HZJ_190.tgz	HZJ_el8_amd64_gcc12_CMSSW_14_0_21_HZJ_244.tgz
192	246	HZJ_el8_amd64_gcc12_CMSSW_14_0_21_HZJ_192.tgz	HZJ_el8_amd64_gcc12_CMSSW_14_0_21_HZJ_246.tgz
194	248	HZJ_el8_amd64_gcc12_CMSSW_14_0_21_HZJ_194.tgz	HZJ_el8_amd64_gcc12_CMSSW_14_0_21_HZJ_248.tgz
196	250	HZJ_el8_amd64_gcc12_CMSSW_14_0_21_HZJ_196.tgz	HZJ_el8_amd64_gcc12_CMSSW_14_0_21_HZJ_250.tgz
199	252	HZJ_el8_amd64_gcc12_CMSSW_14_0_21_HZJ_199.tgz	HZJ_el8_amd64_gcc12_CMSSW_14_0_21_HZJ_252.tgz
201	254	HZJ_el8_amd64_gcc12_CMSSW_14_0_21_HZJ_201.tgz	HZJ_el8_amd64_gcc12_CMSSW_14_0_21_HZJ_254.tgz
203	256	HZJ_el8_amd64_gcc12_CMSSW_14_0_21_HZJ_203.tgz	HZJ_el8_amd64_gcc12_CMSSW_14_0_21_HZJ_256.tgz
206	257	HZJ_el8_amd64_gcc12_CMSSW_14_0_21_HZJ_206.tgz	HZJ_el8_amd64_gcc12_CMSSW_14_0_21_HZJ_257.tgz
208	259	HZJ_el8_amd64_gcc12_CMSSW_14_0_21_HZJ_208.tgz	HZJ_el8_amd64_gcc12_CMSSW_14_0_21_HZJ_259.tgz
211	261	HZJ_el8_amd64_gcc12_CMSSW_14_0_21_HZJ_211.tgz	HZJ_el8_amd64_gcc12_CMSSW_14_0_21_HZJ_261.tgz
213	263	HZJ_el8_amd64_gcc12_CMSSW_14_0_21_HZJ_213.tgz	HZJ_el8_amd64_gcc12_CMSSW_14_0_21_HZJ_263.tgz
215	265	HZJ_el8_amd64_gcc12_CMSSW_14_0_21_HZJ_215.tgz	HZJ_el8_amd64_gcc12_CMSSW_14_0_21_HZJ_265.tgz
218	266	HZJ_el8_amd64_gcc12_CMSSW_14_0_21_HZJ_218.tgz	HZJ_el8_amd64_gcc12_CMSSW_14_0_21_HZJ_266.tgz
220	268	HZJ_el8_amd64_gcc12_CMSSW_14_0_21_HZJ_220.tgz	HZJ_el8_amd64_gcc12_CMSSW_14_0_21_HZJ_268.tgz
223	270	HZJ_el8_amd64_gcc12_CMSSW_14_0_21_HZJ_223.tgz	HZJ_el8_amd64_gcc12_CMSSW_14_0_21_HZJ_270.tgz
225	272	HZJ_el8_amd64_gcc12_CMSSW_14_0_21_HZJ_225.tgz	HZJ_el8_amd64_gcc12_CMSSW_14_0_21_HZJ_272.tgz
228	274	HZJ_el8_amd64_gcc12_CMSSW_14_0_21_HZJ_228.tgz	HZJ_el8_amd64_gcc12_CMSSW_14_0_21_HZJ_274.tgz
230	275	HZJ_el8_amd64_gcc12_CMSSW_14_0_21_HZJ_230.tgz	HZJ_el8_amd64_gcc12_CMSSW_14_0_21_HZJ_275.tgz
233	277	HZJ_el8_amd64_gcc12_CMSSW_14_0_21_HZJ_233.tgz	HZJ_el8_amd64_gcc12_CMSSW_14_0_21_HZJ_277.tgz
235	279	HZJ_el8_amd64_gcc12_CMSSW_14_0_21_HZJ_235.tgz	HZJ_el8_amd64_gcc12_CMSSW_14_0_21_HZJ_279.tgz
237	280	HZJ_el8_amd64_gcc12_CMSSW_14_0_21_HZJ_237.tgz	HZJ_el8_amd64_gcc12_CMSSW_14_0_21_HZJ_280.tgz
240	282	HZJ_el8_amd64_gcc12_CMSSW_14_0_21_HZJ_240.tgz	HZJ_el8_amd64_gcc12_CMSSW_14_0_21_HZJ_282.tgz
242	284	HZJ_el8_amd64_gcc12_CMSSW_14_0_21_HZJ_242.tgz	HZJ_el8_amd64_gcc12_CMSSW_14_0_21_HZJ_284.tgz
245	286	HZJ_el8_amd64_gcc12_CMSSW_14_0_21_HZJ_245.tgz	HZJ_el8_amd64_gcc12_CMSSW_14_0_21_HZJ_286.tgz
247	287	HZJ_el8_amd64_gcc12_CMSSW_14_0_21_HZJ_247.tgz	HZJ_el8_amd64_gcc12_CMSSW_14_0_21_HZJ_287.tgz
250	289	HZJ_el8_amd64_gcc12_CMSSW_14_0_21_HZJ_250.tgz	HZJ_el8_amd64_gcc12_CMSSW_14_0_21_HZJ_289.tgz
252	291	HZJ_el8_amd64_gcc12_CMSSW_14_0_21_HZJ_252.tgz	HZJ_el8_amd64_gcc12_CMSSW_14_0_21_HZJ_291.tgz
255	292	HZJ_el8_amd64_gcc12_CMSSW_14_0_21_HZJ_255.tgz	HZJ_el8_amd64_gcc12_CMSSW_14_0_21_HZJ_292.tgz
257	294	HZJ_el8_amd64_gcc12_CMSSW_14_0_21_HZJ_257.tgz	HZJ_el8_amd64_gcc12_CMSSW_14_0_21_HZJ_294.tgz
260	296	HZJ_el8_amd64_gcc12_CMSSW_14_0_21_HZJ_260.tgz	HZJ_el8_amd64_gcc12_CMSSW_14_0_21_HZJ_296.tgz
262	297	HZJ_el8_amd64_gcc12_CMSSW_14_0_21_HZJ_262.tgz	HZJ_el8_amd64_gcc12_CMSSW_14_0_21_HZJ_297.tgz
265	299	HZJ_el8_amd64_gcc12_CMSSW_14_0_21_HZJ_265.tgz	HZJ_el8_amd64_gcc12_CMSSW_14_0_21_HZJ_299.tgz
267	301	HZJ_el8_amd64_gcc12_CMSSW_14_0_21_HZJ_267.tgz	HZJ_el8_amd64_gcc12_CMSSW_14_0_21_HZJ_301.tgz
270	302	HZJ_el8_amd64_gcc12_CMSSW_14_0_21_HZJ_270.tgz	HZJ_el8_amd64_gcc12_CMSSW_14_0_21_HZJ_302.tgz
273	304	HZJ_el8_amd64_gcc12_CMSSW_14_0_21_HZJ_273.tgz	HZJ_el8_amd64_gcc12_CMSSW_14_0_21_HZJ_304.tgz
275	306	HZJ_el8_amd64_gcc12_CMSSW_14_0_21_HZJ_275.tgz	HZJ_el8_amd64_gcc12_CMSSW_14_0_21_HZJ_306.tgz
278	307	HZJ_el8_amd64_gcc12_CMSSW_14_0_21_HZJ_278.tgz	HZJ_el8_amd64_gcc12_CMSSW_14_0_21_HZJ_307.tgz
280	309	HZJ_el8_amd64_gcc12_CMSSW_14_0_21_HZJ_280.tgz	HZJ_el8_amd64_gcc12_CMSSW_14_0_21_HZJ_309.tgz
283	311	HZJ_el8_amd64_gcc12_CMSSW_14_0_21_HZJ_283.tgz	HZJ_el8_amd64_gcc12_CMSSW_14_0_21_HZJ_311.tgz
285	312	HZJ_el8_amd64_gcc12_CMSSW_14_0_21_HZJ_285.tgz	HZJ_el8_amd64_gcc12_CMSSW_14_0_21_HZJ_312.tgz
288	314	HZJ_el8_amd64_gcc12_CMSSW_14_0_21_HZJ_288.tgz	HZJ_el8_amd64_gcc12_CMSSW_14_0_21_HZJ_314.tgz
290	316	HZJ_el8_amd64_gcc12_CMSSW_14_0_21_HZJ_290.tgz	HZJ_el8_amd64_gcc12_CMSSW_14_0_21_HZJ_316.tgz
293	317	HZJ_el8_amd64_gcc12_CMSSW_14_0_21_HZJ_293.tgz	HZJ_el8_amd64_gcc12_CMSSW_14_0_21_HZJ_317.tgz
296	319	HZJ_el8_amd64_gcc12_CMSSW_14_0_21_HZJ_296.tgz	HZJ_el8_amd64_gcc12_CMSSW_14_0_21_HZJ_319.tgz
298	320	HZJ_el8_amd64_gcc12_CMSSW_14_0_21_HZJ_298.tgz	HZJ_el8_amd64_gcc12_CMSSW_14_0_21_HZJ_320.tgz
301	322	HZJ_el8_amd64_gcc12_CMSSW_14_0_21_HZJ_301.tgz	HZJ_el8_amd64_gcc12_CMSSW_14_0_21_HZJ_322.tgz
304	324	HZJ_el8_amd64_gcc12_CMSSW_14_0_21_HZJ_304.tgz	HZJ_el8_amd64_gcc12_CMSSW_14_0_21_HZJ_324.tgz
306	325	HZJ_el8_amd64_gcc12_CMSSW_14_0_21_HZJ_306.tgz	HZJ_el8_amd64_gcc12_CMSSW_14_0_21_HZJ_325.tgz
309	327	HZJ_el8_amd64_gcc12_CMSSW_14_0_21_HZJ_309.tgz	HZJ_el8_amd64_gcc12_CMSSW_14_0_21_HZJ_327.tgz
311	328	HZJ_el8_amd64_gcc12_CMSSW_14_0_21_HZJ_311.tgz	HZJ_el8_amd64_gcc12_CMSSW_14_0_21_HZJ_328.tgz
314	330	HZJ_el8_amd64_gcc12_CMSSW_14_0_21_HZJ_314.tgz	HZJ_el8_amd64_gcc12_CMSSW_14_0_21_HZJ_330.tgz
317	331	HZJ_el8_amd64_gcc12_CMSSW_14_0_21_HZJ_317.tgz	HZJ_el8_amd64_gcc12_CMSSW_14_0_21_HZJ_331.tgz
319	333	HZJ_el8_amd64_gcc12_CMSSW_14_0_21_HZJ_319.tgz	HZJ_el8_amd64_gcc12_CMSSW_14_0_21_HZJ_333.tgz
322	334	HZJ_el8_amd64_gcc12_CMSSW_14_0_21_HZJ_322.tgz	HZJ_el8_amd64_gcc12_CMSSW_14_0_21_HZJ_334.tgz
325	336	HZJ_el8_amd64_gcc12_CMSSW_14_0_21_HZJ_325.tgz	HZJ_el8_amd64_gcc12_CMSSW_14_0_21_HZJ_336.tgz
327	338	HZJ_el8_amd64_gcc12_CMSSW_14_0_21_HZJ_327.tgz	HZJ_el8_amd64_gcc12_CMSSW_14_0_21_HZJ_338.tgz
330	339	HZJ_el8_amd64_gcc12_CMSSW_14_0_21_HZJ_330.tgz	HZJ_el8_amd64_gcc12_CMSSW_14_0_21_HZJ_339.tgz
333	341	HZJ_el8_amd64_gcc12_CMSSW_14_0_21_HZJ_333.tgz	HZJ_el8_amd64_gcc12_CMSSW_14_0_21_HZJ_341.tgz
335	342	HZJ_el8_amd64_gcc12_CMSSW_14_0_21_HZJ_335.tgz	HZJ_el8_amd64_gcc12_CMSSW_14_0_21_HZJ_342.tgz
338	344	HZJ_el8_amd64_gcc12_CMSSW_14_0_21_HZJ_338.tgz	HZJ_el8_amd64_gcc12_CMSSW_14_0_21_HZJ_344.tgz
341	345	HZJ_el8_amd64_gcc12_CMSSW_14_0_21_HZJ_341.tgz	HZJ_el8_amd64_gcc12_CMSSW_14_0_21_HZJ_345.tgz
344	347	HZJ_el8_amd64_gcc12_CMSSW_14_0_21_HZJ_344.tgz	HZJ_el8_amd64_gcc12_CMSSW_14_0_21_HZJ_347.tgz
346	348	HZJ_el8_amd64_gcc12_CMSSW_14_0_21_HZJ_346.tgz	HZJ_el8_amd64_gcc12_CMSSW_14_0_21_HZJ_348.tgz
349	350	HZJ_el8_amd64_gcc12_CMSSW_14_0_21_HZJ_349.tgz	HZJ_el8_amd64_gcc12_CMSSW_14_0_21_HZJ_350.tgz
40	40	HZJ_el8_amd64_gcc12_CMSSW_14_0_21_HZJ_40.tgz	HZJ_el8_amd64_gcc12_CMSSW_14_0_21_HZJ_40.tgz
40	40	HZJ_el8_amd64_gcc12_CMSSW_14_0_21_HZJ_40.tgz	HZJ_el8_amd64_gcc12_CMSSW_14_0_21_HZJ_40.tgz
40	40	HZJ_el8_amd64_gcc12_CMSSW_14_0_21_HZJ_40.tgz	HZJ_el8_amd64_gcc12_CMSSW_14_0_21_HZJ_40.tgz
40	40	HZJ_el8_amd64_gcc12_CMSSW_14_0_21_HZJ_40.tgz	HZJ_el8_amd64_gcc12_CMSSW_14_0_21_HZJ_40.tgz
40	40	HZJ_el8_amd64_gcc12_CMSSW_14_0_21_HZJ_40.tgz	HZJ_el8_amd64_gcc12_CMSSW_14_0_21_HZJ_40.tgz
40	40	HZJ_el8_amd64_gcc12_CMSSW_14_0_21_HZJ_40.tgz	HZJ_el8_amd64_gcc12_CMSSW_14_0_21_HZJ_40.tgz
40	40	HZJ_el8_amd64_gcc12_CMSSW_14_0_21_HZJ_40.tgz	HZJ_el8_amd64_gcc12_CMSSW_14_0_21_HZJ_40.tgz
40	40	HZJ_el8_amd64_gcc12_CMSSW_14_0_21_HZJ_40.tgz	HZJ_el8_amd64_gcc12_CMSSW_14_0_21_HZJ_40.tgz
40	41	HZJ_el8_amd64_gcc12_CMSSW_14_0_21_HZJ_40.tgz	HZJ_el8_amd64_gcc12_CMSSW_14_0_21_HZJ_41.tgz
40	41	HZJ_el8_amd64_gcc12_CMSSW_14_0_21_HZJ_40.tgz	HZJ_el8_amd64_gcc12_CMSSW_14_0_21_HZJ_41.tgz
40	41	HZJ_el8_amd64_gcc12_CMSSW_14_0_21_HZJ_40.tgz	HZJ_el8_amd64_gcc12_CMSSW_14_0_21_HZJ_41.tgz
40	41	HZJ_el8_amd64_gcc12_CMSSW_14_0_21_HZJ_40.tgz	HZJ_el8_amd64_gcc12_CMSSW_14_0_21_HZJ_41.tgz
41	41	HZJ_el8_amd64_gcc12_CMSSW_14_0_21_HZJ_41.tgz	HZJ_el8_amd64_gcc12_CMSSW_14_0_21_HZJ_41.tgz
41	41	HZJ_el8_amd64_gcc12_CMSSW_14_0_21_HZJ_41.tgz	HZJ_el8_amd64_gcc12_CMSSW_14_0_21_HZJ_41.tgz
41	41	HZJ_el8_amd64_gcc12_CMSSW_14_0_21_HZJ_41.tgz	HZJ_el8_amd64_gcc12_CMSSW_14_0_21_HZJ_41.tgz
41	42	HZJ_el8_amd64_gcc12_CMSSW_14_0_21_HZJ_41.tgz	HZJ_el8_amd64_gcc12_CMSSW_14_0_21_HZJ_42.tgz
41	42	HZJ_el8_amd64_gcc12_CMSSW_14_0_21_HZJ_41.tgz	HZJ_el8_amd64_gcc12_CMSSW_14_0_21_HZJ_42.tgz
41	42	HZJ_el8_amd64_gcc12_CMSSW_14_0_21_HZJ_41.tgz	HZJ_el8_amd64_gcc12_CMSSW_14_0_21_HZJ_42.tgz
41	42	HZJ_el8_amd64_gcc12_CMSSW_14_0_21_HZJ_41.tgz	HZJ_el8_amd64_gcc12_CMSSW_14_0_21_HZJ_42.tgz
41	42	HZJ_el8_amd64_gcc12_CMSSW_14_0_21_HZJ_41.tgz	HZJ_el8_amd64_gcc12_CMSSW_14_0_21_HZJ_42.tgz
41	42	HZJ_el8_amd64_gcc12_CMSSW_14_0_21_HZJ_41.tgz	HZJ_el8_amd64_gcc12_CMSSW_14_0_21_HZJ_42.tgz
41	42	HZJ_el8_amd64_gcc12_CMSSW_14_0_21_HZJ_41.tgz	HZJ_el8_amd64_gcc12_CMSSW_14_0_21_HZJ_42.tgz
41	43	HZJ_el8_amd64_gcc12_CMSSW_14_0_21_HZJ_41.tgz	HZJ_el8_amd64_gcc12_CMSSW_14_0_21_HZJ_43.tgz
42	43	HZJ_el8_amd64_gcc12_CMSSW_14_0_21_HZJ_42.tgz	HZJ_el8_amd64_gcc12_CMSSW_14_0_21_HZJ_43.tgz
42	43	HZJ_el8_amd64_gcc12_CMSSW_14_0_21_HZJ_42.tgz	HZJ_el8_amd64_gcc12_CMSSW_14_0_21_HZJ_43.tgz
42	43	HZJ_el8_amd64_gcc12_CMSSW_14_0_21_HZJ_42.tgz	HZJ_el8_amd64_gcc12_CMSSW_14_0_21_HZJ_43.tgz
42	43	HZJ_el8_amd64_gcc12_CMSSW_14_0_21_HZJ_42.tgz	HZJ_el8_amd64_gcc12_CMSSW_14_0_21_HZJ_43.tgz
42	43	HZJ_el8_amd64_gcc12_CMSSW_14_0_21_HZJ_42.tgz	HZJ_el8_amd64_gcc12_CMSSW_14_0_21_HZJ_43.tgz
42	43	HZJ_el8_amd64_gcc12_CMSSW_14_0_21_HZJ_42.tgz	HZJ_el8_amd64_gcc12_CMSSW_14_0_21_HZJ_43.tgz
42	44	HZJ_el8_amd64_gcc12_CMSSW_14_0_21_HZJ_42.tgz	HZJ_el8_amd64_gcc12_CMSSW_14_0_21_HZJ_44.tgz
42	44	HZJ_el8_amd64_gcc12_CMSSW_14_0_21_HZJ_42.tgz	HZJ_el8_amd64_gcc12_CMSSW_14_0_21_HZJ_44.tgz
42	44	HZJ_el8_amd64_gcc12_CMSSW_14_0_21_HZJ_42.tgz	HZJ_el8_amd64_gcc12_CMSSW_14_0_21_HZJ_44.tgz
42	44	HZJ_el8_amd64_gcc12_CMSSW_14_0_21_HZJ_42.tgz	HZJ_el8_amd64_gcc12_CMSSW_14_0_21_HZJ_44.tgz
43	44	HZJ_el8_amd64_gcc12_CMSSW_14_0_21_HZJ_43.tgz	HZJ_el8_amd64_gcc12_CMSSW_14_0_21_HZJ_44.tgz
43	45	HZJ_el8_amd64_gcc12_CMSSW_14_0_21_HZJ_43.tgz	HZJ_el8_amd64_gcc12_CMSSW_14_0_21_HZJ_45.tgz
43	45	HZJ_el8_amd64_gcc12_CMSSW_14_0_21_HZJ_43.tgz	HZJ_el8_amd64_gcc12_CMSSW_14_0_21_HZJ_45.tgz
43	45	HZJ_el8_amd64_gcc12_CMSSW_14_0_21_HZJ_43.tgz	HZJ_el8_amd64_gcc12_CMSSW_14_0_21_HZJ_45.tgz
43	45	HZJ_el8_amd64_gcc12_CMSSW_14_0_21_HZJ_43.tgz	HZJ_el8_amd64_gcc12_CMSSW_14_0_21_HZJ_45.tgz
43	45	HZJ_el8_amd64_gcc12_CMSSW_14_0_21_HZJ_43.tgz	HZJ_el8_amd64_gcc12_CMSSW_14_0_21_HZJ_45.tgz
43	46	HZJ_el8_amd64_gcc12_CMSSW_14_0_21_HZJ_43.tgz	HZJ_el8_amd64_gcc12_CMSSW_14_0_21_HZJ_46.tgz
43	46	HZJ_el8_amd64_gcc12_CMSSW_14_0_21_HZJ_43.tgz	HZJ_el8_amd64_gcc12_CMSSW_14_0_21_HZJ_46.tgz
44	46	HZJ_el8_amd64_gcc12_CMSSW_14_0_21_HZJ_44.tgz	HZJ_el8_amd64_gcc12_CMSSW_14_0_21_HZJ_46.tgz
44	46	HZJ_el8_amd64_gcc12_CMSSW_14_0_21_HZJ_44.tgz	HZJ_el8_amd64_gcc12_CMSSW_14_0_21_HZJ_46.tgz
44	46	HZJ_el8_amd64_gcc12_CMSSW_14_0_21_HZJ_44.tgz	HZJ_el8_amd64_gcc12_CMSSW_14_0_21_HZJ_46.tgz
44	47	HZJ_el8_amd64_gcc12_CMSSW_14_0_21_HZJ_44.tgz	HZJ_el8_amd64_gcc12_CMSSW_14_0_21_HZJ_47.tgz
44	47	HZJ_el8_amd64_gcc12_CMSSW_14_0_21_HZJ_44.tgz	HZJ_el8_amd64_gcc12_CMSSW_14_0_21_HZJ_47.tgz
44	47	HZJ_el8_amd64_gcc12_CMSSW_14_0_21_HZJ_44.tgz	HZJ_el8_amd64_gcc12_CMSSW_14_0_21_HZJ_47.tgz
44	47	HZJ_el8_amd64_gcc12_CMSSW_14_0_21_HZJ_44.tgz	HZJ_el8_amd64_gcc12_CMSSW_14_0_21_HZJ_47.tgz
44	47	HZJ_el8_amd64_gcc12_CMSSW_14_0_21_HZJ_44.tgz	HZJ_el8_amd64_gcc12_CMSSW_14_0_21_HZJ_47.tgz
45	48	HZJ_el8_amd64_gcc12_CMSSW_14_0_21_HZJ_45.tgz	HZJ_el8_amd64_gcc12_CMSSW_14_0_21_HZJ_48.tgz
45	48	HZJ_el8_amd64_gcc12_CMSSW_14_0_21_HZJ_45.tgz	HZJ_el8_amd64_gcc12_CMSSW_14_0_21_HZJ_48.tgz
45	48	HZJ_el8_amd64_gcc12_CMSSW_14_0_21_HZJ_45.tgz	HZJ_el8_amd64_gcc12_CMSSW_14_0_21_HZJ_48.tgz
45	48	HZJ_el8_amd64_gcc12_CMSSW_14_0_21_HZJ_45.tgz	HZJ_el8_amd64_gcc12_CMSSW_14_0_21_HZJ_48.tgz
45	48	HZJ_el8_amd64_gcc12_CMSSW_14_0_21_HZJ_45.tgz	HZJ_el8_amd64_gcc12_CMSSW_14_0_21_HZJ_48.tgz
45	49	HZJ_el8_amd64_gcc12_CMSSW_14_0_21_HZJ_45.tgz	HZJ_el8_amd64_gcc12_CMSSW_14_0_21_HZJ_49.tgz
45	49	HZJ_el8_amd64_gcc12_CMSSW_14_0_21_HZJ_45.tgz	HZJ_el8_amd64_gcc12_CMSSW_14_0_21_HZJ_49.tgz
46	49	HZJ_el8_amd64_gcc12_CMSSW_14_0_21_HZJ_46.tgz	HZJ_el8_amd64_gcc12_CMSSW_14_0_21_HZJ_49.tgz
46	49	HZJ_el8_amd64_gcc12_CMSSW_14_0_21_HZJ_46.tgz	HZJ_el8_amd64_gcc12_CMSSW_14_0_21_HZJ_49.tgz
46	50	HZJ_el8_amd64_gcc12_CMSSW_14_0_21_HZJ_46.tgz	HZJ_el8_amd64_gcc12_CMSSW_14_0_21_HZJ_50.tgz
46	50	HZJ_el8_amd64_gcc12_CMSSW_14_0_21_HZJ_46.tgz	HZJ_el8_amd64_gcc12_CMSSW_14_0_21_HZJ_50.tgz
46	50	HZJ_el8_amd64_gcc12_CMSSW_14_0_21_HZJ_46.tgz	HZJ_el8_amd64_gcc12_CMSSW_14_0_21_HZJ_50.tgz
46	50	HZJ_el8_amd64_gcc12_CMSSW_14_0_21_HZJ_46.tgz	HZJ_el8_amd64_gcc12_CMSSW_14_0_21_HZJ_50.tgz
47	51	HZJ_el8_amd64_gcc12_CMSSW_14_0_21_HZJ_47.tgz	HZJ_el8_amd64_gcc12_CMSSW_14_0_21_HZJ_51.tgz
47	51	HZJ_el8_amd64_gcc12_CMSSW_14_0_21_HZJ_47.tgz	HZJ_el8_amd64_gcc12_CMSSW_14_0_21_HZJ_51.tgz
47	51	HZJ_el8_amd64_gcc12_CMSSW_14_0_21_HZJ_47.tgz	HZJ_el8_amd64_gcc12_CMSSW_14_0_21_HZJ_51.tgz
47	51	HZJ_el8_amd64_gcc12_CMSSW_14_0_21_HZJ_47.tgz	HZJ_el8_amd64_gcc12_CMSSW_14_0_21_HZJ_51.tgz
47	52	HZJ_el8_amd64_gcc12_CMSSW_14_0_21_HZJ_47.tgz	HZJ_el8_amd64_gcc12_CMSSW_14_0_21_HZJ_52.tgz
47	52	HZJ_el8_amd64_gcc12_CMSSW_14_0_21_HZJ_47.tgz	HZJ_el8_amd64_gcc12_CMSSW_14_0_21_HZJ_52.tgz
48	52	HZJ_el8_amd64_gcc12_CMSSW_14_0_21_HZJ_48.tgz	HZJ_el8_amd64_gcc12_CMSSW_14_0_21_HZJ_52.tgz
48	53	HZJ_el8_amd64_gcc12_CMSSW_14_0_21_HZJ_48.tgz	HZJ_el8_amd64_gcc12_CMSSW_14_0_21_HZJ_53.tgz
48	53	HZJ_el8_amd64_gcc12_CMSSW_14_0_21_HZJ_48.tgz	HZJ_el8_amd64_gcc12_CMSSW_14_0_21_HZJ_53.tgz
48	53	HZJ_el8_amd64_gcc12_CMSSW_14_0_21_HZJ_48.tgz	HZJ_el8_amd64_gcc12_CMSSW_14_0_21_HZJ_53.tgz
48	53	HZJ_el8_amd64_gcc12_CMSSW_14_0_21_HZJ_48.tgz	HZJ_el8_amd64_gcc12_CMSSW_14_0_21_HZJ_53.tgz
48	54	HZJ_el8_amd64_gcc12_CMSSW_14_0_21_HZJ_48.tgz	HZJ_el8_amd64_gcc12_CMSSW_14_0_21_HZJ_54.tgz
49	54	HZJ_el8_amd64_gcc12_CMSSW_14_0_21_HZJ_49.tgz	HZJ_el8_amd64_gcc12_CMSSW_14_0_21_HZJ_54.tgz
49	54	HZJ_el8_amd64_gcc12_CMSSW_14_0_21_HZJ_49.tgz	HZJ_el8_amd64_gcc12_CMSSW_14_0_21_HZJ_54.tgz
49	55	HZJ_el8_amd64_gcc12_CMSSW_14_0_21_HZJ_49.tgz	HZJ_el8_amd64_gcc12_CMSSW_14_0_21_HZJ_55.tgz
49	55	HZJ_el8_amd64_gcc12_CMSSW_14_0_21_HZJ_49.tgz	HZJ_el8_amd64_gcc12_CMSSW_14_0_21_HZJ_55.tgz
49	55	HZJ_el8_amd64_gcc12_CMSSW_14_0_21_HZJ_49.tgz	HZJ_el8_amd64_gcc12_CMSSW_14_0_21_HZJ_55.tgz
49	56	HZJ_el8_amd64_gcc12_CMSSW_14_0_21_HZJ_49.tgz	HZJ_el8_amd64_gcc12_CMSSW_14_0_21_HZJ_56.tgz
50	56	HZJ_el8_amd64_gcc12_CMSSW_14_0_21_HZJ_50.tgz	HZJ_el8_amd64_gcc12_CMSSW_14_0_21_HZJ_56.tgz
50	56	HZJ_el8_amd64_gcc12_CMSSW_14_0_21_HZJ_50.tgz	HZJ_el8_amd64_gcc12_CMSSW_14_0_21_HZJ_56.tgz
50	57	HZJ_el8_amd64_gcc12_CMSSW_14_0_21_HZJ_50.tgz	HZJ_el8_amd64_gcc12_CMSSW_14_0_21_HZJ_57.tgz
50	57	HZJ_el8_amd64_gcc12_CMSSW_14_0_21_HZJ_50.tgz	HZJ_el8_amd64_gcc12_CMSSW_14_0_21_HZJ_57.tgz
50	57	HZJ_el8_amd64_gcc12_CMSSW_14_0_21_HZJ_50.tgz	HZJ_el8_amd64_gcc12_CMSSW_14_0_21_HZJ_57.tgz
51	58	HZJ_el8_amd64_gcc12_CMSSW_14_0_21_HZJ_51.tgz	HZJ_el8_amd64_gcc12_CMSSW_14_0_21_HZJ_58.tgz
51	58	HZJ_el8_amd64_gcc12_CMSSW_14_0_21_HZJ_51.tgz	HZJ_el8_amd64_gcc12_CMSSW_14_0_21_HZJ_58.tgz
51	58	HZJ_el8_amd64_gcc12_CMSSW_14_0_21_HZJ_51.tgz	HZJ_el8_amd64_gcc12_CMSSW_14_0_21_HZJ_58.tgz
51	59	HZJ_el8_amd64_gcc12_CMSSW_14_0_21_HZJ_51.tgz	HZJ_el8_amd64_gcc12_CMSSW_14_0_21_HZJ_59.tgz
51	59	HZJ_el8_amd64_gcc12_CMSSW_14_0_21_HZJ_51.tgz	HZJ_el8_amd64_gcc12_CMSSW_14_0_21_HZJ_59.tgz
52	59	HZJ_el8_amd64_gcc12_CMSSW_14_0_21_HZJ_52.tgz	HZJ_el8_amd64_gcc12_CMSSW_14_0_21_HZJ_59.tgz
52	60	HZJ_el8_amd64_gcc12_CMSSW_14_0_21_HZJ_52.tgz	HZJ_el8_amd64_gcc12_CMSSW_14_0_21_HZJ_60.tgz
52	60	HZJ_el8_amd64_gcc12_CMSSW_14_0_21_HZJ_52.tgz	HZJ_el8_amd64_gcc12_CMSSW_14_0_21_HZJ_60.tgz
52	61	HZJ_el8_amd64_gcc12_CMSSW_14_0_21_HZJ_52.tgz	HZJ_el8_amd64_gcc12_CMSSW_14_0_21_HZJ_61.tgz
52	61	HZJ_el8_amd64_gcc12_CMSSW_14_0_21_HZJ_52.tgz	HZJ_el8_amd64_gcc12_CMSSW_14_0_21_HZJ_61.tgz
53	61	HZJ_el8_amd64_gcc12_CMSSW_14_0_21_HZJ_53.tgz	HZJ_el8_amd64_gcc12_CMSSW_14_0_21_HZJ_61.tgz
53	62	HZJ_el8_amd64_gcc12_CMSSW_14_0_21_HZJ_53.tgz	HZJ_el8_amd64_gcc12_CMSSW_14_0_21_HZJ_62.tgz
53	62	HZJ_el8_amd64_gcc12_CMSSW_14_0_21_HZJ_53.tgz	HZJ_el8_amd64_gcc12_CMSSW_14_0_21_HZJ_62.tgz
53	63	HZJ_el8_amd64_gcc12_CMSSW_14_0_21_HZJ_53.tgz	HZJ_el8_amd64_gcc12_CMSSW_14_0_21_HZJ_63.tgz
54	63	HZJ_el8_amd64_gcc12_CMSSW_14_0_21_HZJ_54.tgz	HZJ_el8_amd64_gcc12_CMSSW_14_0_21_HZJ_63.tgz
54	64	HZJ_el8_amd64_gcc12_CMSSW_14_0_21_HZJ_54.tgz	HZJ_el8_amd64_gcc12_CMSSW_14_0_21_HZJ_64.tgz
54	64	HZJ_el8_amd64_gcc12_CMSSW_14_0_21_HZJ_54.tgz	HZJ_el8_amd64_gcc12_CMSSW_14_0_21_HZJ_64.tgz
54	64	HZJ_el8_amd64_gcc12_CMSSW_14_0_21_HZJ_54.tgz	HZJ_el8_amd64_gcc12_CMSSW_14_0_21_HZJ_64.tgz
55	65	HZJ_el8_amd64_gcc12_CMSSW_14_0_21_HZJ_55.tgz	HZJ_el8_amd64_gcc12_CMSSW_14_0_21_HZJ_65.tgz
55	65	HZJ_el8_amd64_gcc12_CMSSW_14_0_21_HZJ_55.tgz	HZJ_el8_amd64_gcc12_CMSSW_14_0_21_HZJ_65.tgz
55	66	HZJ_el8_amd64_gcc12_CMSSW_14_0_21_HZJ_55.tgz	HZJ_el8_amd64_gcc12_CMSSW_14_0_21_HZJ_66.tgz
55	66	HZJ_el8_amd64_gcc12_CMSSW_14_0_21_HZJ_55.tgz	HZJ_el8_amd64_gcc12_CMSSW_14_0_21_HZJ_66.tgz
56	67	HZJ_el8_amd64_gcc12_CMSSW_14_0_21_HZJ_56.tgz	HZJ_el8_amd64_gcc12_CMSSW_14_0_21_HZJ_67.tgz
56	67	HZJ_el8_amd64_gcc12_CMSSW_14_0_21_HZJ_56.tgz	HZJ_el8_amd64_gcc12_CMSSW_14_0_21_HZJ_67.tgz
56	68	HZJ_el8_amd64_gcc12_CMSSW_14_0_21_HZJ_56.tgz	HZJ_el8_amd64_gcc12_CMSSW_14_0_21_HZJ_68.tgz
57	68	HZJ_el8_amd64_gcc12_CMSSW_14_0_21_HZJ_57.tgz	HZJ_el8_amd64_gcc12_CMSSW_14_0_21_HZJ_68.tgz
57	69	HZJ_el8_amd64_gcc12_CMSSW_14_0_21_HZJ_57.tgz	HZJ_el8_amd64_gcc12_CMSSW_14_0_21_HZJ_69.tgz
57	69	HZJ_el8_amd64_gcc12_CMSSW_14_0_21_HZJ_57.tgz	HZJ_el8_amd64_gcc12_CMSSW_14_0_21_HZJ_69.tgz
57	70	HZJ_el8_amd64_gcc12_CMSSW_14_0_21_HZJ_57.tgz	HZJ_el8_amd64_gcc12_CMSSW_14_0_21_HZJ_70.tgz
58	70	HZJ_el8_amd64_gcc12_CMSSW_14_0_21_HZJ_58.tgz	HZJ_el8_amd64_gcc12_CMSSW_14_0_21_HZJ_70.tgz
58	71	HZJ_el8_amd64_gcc12_CMSSW_14_0_21_HZJ_58.tgz	HZJ_el8_amd64_gcc12_CMSSW_14_0_21_HZJ_71.tgz
58	71	HZJ_el8_amd64_gcc12_CMSSW_14_0_21_HZJ_58.tgz	HZJ_el8_amd64_gcc12_CMSSW_14_0_21_HZJ_71.tgz
59	72	HZJ_el8_amd64_gcc12_CMSSW_14_0_21_HZJ_59.tgz	HZJ_el8_amd64_gcc12_CMSSW_14_0_21_HZJ_72.tgz
59	73	HZJ_el8_amd64_gcc12_CMSSW_14_0_21_HZJ_59.tgz	HZJ_el8_amd64_gcc12_CMSSW_14_0_21_HZJ_73.tgz
59	73	HZJ_el8_amd64_gcc12_CMSSW_14_0_21_HZJ_59.tgz	HZJ_el8_amd64_gcc12_CMSSW_14_0_21_HZJ_73.tgz
60	74	HZJ_el8_amd64_gcc12_CMSSW_14_0_21_HZJ_60.tgz	HZJ_el8_amd64_gcc12_CMSSW_14_0_21_HZJ_74.tgz
60	74	HZJ_el8_amd64_gcc12_CMSSW_14_0_21_HZJ_60.tgz	HZJ_el8_amd64_gcc12_CMSSW_14_0_21_HZJ_74.tgz
60	75	HZJ_el8_amd64_gcc12_CMSSW_14_0_21_HZJ_60.tgz	HZJ_el8_amd64_gcc12_CMSSW_14_0_21_HZJ_75.tgz
61	76	HZJ_el8_amd64_gcc12_CMSSW_14_0_21_HZJ_61.tgz	HZJ_el8_amd64_gcc12_CMSSW_14_0_21_HZJ_76.tgz
61	76	HZJ_el8_amd64_gcc12_CMSSW_14_0_21_HZJ_61.tgz	HZJ_el8_amd64_gcc12_CMSSW_14_0_21_HZJ_76.tgz
61	77	HZJ_el8_amd64_gcc12_CMSSW_14_0_21_HZJ_61.tgz	HZJ_el8_amd64_gcc12_CMSSW_14_0_21_HZJ_77.tgz
62	77	HZJ_el8_amd64_gcc12_CMSSW_14_0_21_HZJ_62.tgz	HZJ_el8_amd64_gcc12_CMSSW_14_0_21_HZJ_77.tgz
62	78	HZJ_el8_amd64_gcc12_CMSSW_14_0_21_HZJ_62.tgz	HZJ_el8_amd64_gcc12_CMSSW_14_0_21_HZJ_78.tgz
62	79	HZJ_el8_amd64_gcc12_CMSSW_14_0_21_HZJ_62.tgz	HZJ_el8_amd64_gcc12_CMSSW_14_0_21_HZJ_79.tgz
63	79	HZJ_el8_amd64_gcc12_CMSSW_14_0_21_HZJ_63.tgz	HZJ_el8_amd64_gcc12_CMSSW_14_0_21_HZJ_79.tgz
63	80	HZJ_el8_amd64_gcc12_CMSSW_14_0_21_HZJ_63.tgz	HZJ_el8_amd64_gcc12_CMSSW_14_0_21_HZJ_80.tgz
63	81	HZJ_el8_amd64_gcc12_CMSSW_14_0_21_HZJ_63.tgz	HZJ_el8_amd64_gcc12_CMSSW_14_0_21_HZJ_81.tgz
64	81	HZJ_el8_amd64_gcc12_CMSSW_14_0_21_HZJ_64.tgz	HZJ_el8_amd64_gcc12_CMSSW_14_0_21_HZJ_81.tgz
64	82	HZJ_el8_amd64_gcc12_CMSSW_14_0_21_HZJ_64.tgz	HZJ_el8_amd64_gcc12_CMSSW_14_0_21_HZJ_82.tgz
65	83	HZJ_el8_amd64_gcc12_CMSSW_14_0_21_HZJ_65.tgz	HZJ_el8_amd64_gcc12_CMSSW_14_0_21_HZJ_83.tgz
65	84	HZJ_el8_amd64_gcc12_CMSSW_14_0_21_HZJ_65.tgz	HZJ_el8_amd64_gcc12_CMSSW_14_0_21_HZJ_84.tgz
65	84	HZJ_el8_amd64_gcc12_CMSSW_14_0_21_HZJ_65.tgz	HZJ_el8_amd64_gcc12_CMSSW_14_0_21_HZJ_84.tgz
66	85	HZJ_el8_amd64_gcc12_CMSSW_14_0_21_HZJ_66.tgz	HZJ_el8_amd64_gcc12_CMSSW_14_0_21_HZJ_85.tgz
66	86	HZJ_el8_amd64_gcc12_CMSSW_14_0_21_HZJ_66.tgz	HZJ_el8_amd64_gcc12_CMSSW_14_0_21_HZJ_86.tgz
67	86	HZJ_el8_amd64_gcc12_CMSSW_14_0_21_HZJ_67.tgz	HZJ_el8_amd64_gcc12_CMSSW_14_0_21_HZJ_86.tgz
67	87	HZJ_el8_amd64_gcc12_CMSSW_14_0_21_HZJ_67.tgz	HZJ_el8_amd64_gcc12_CMSSW_14_0_21_HZJ_87.tgz
68	88	HZJ_el8_amd64_gcc12_CMSSW_14_0_21_HZJ_68.tgz	HZJ_el8_amd64_gcc12_CMSSW_14_0_21_HZJ_88.tgz
68	89	HZJ_el8_amd64_gcc12_CMSSW_14_0_21_HZJ_68.tgz	HZJ_el8_amd64_gcc12_CMSSW_14_0_21_HZJ_89.tgz
68	90	HZJ_el8_amd64_gcc12_CMSSW_14_0_21_HZJ_68.tgz	HZJ_el8_amd64_gcc12_CMSSW_14_0_21_HZJ_90.tgz
69	90	HZJ_el8_amd64_gcc12_CMSSW_14_0_21_HZJ_69.tgz	HZJ_el8_amd64_gcc12_CMSSW_14_0_21_HZJ_90.tgz
69	91	HZJ_el8_amd64_gcc12_CMSSW_14_0_21_HZJ_69.tgz	HZJ_el8_amd64_gcc12_CMSSW_14_0_21_HZJ_91.tgz
70	92	HZJ_el8_amd64_gcc12_CMSSW_14_0_21_HZJ_70.tgz	HZJ_el8_amd64_gcc12_CMSSW_14_0_21_HZJ_92.tgz
70	93	HZJ_el8_amd64_gcc12_CMSSW_14_0_21_HZJ_70.tgz	HZJ_el8_amd64_gcc12_CMSSW_14_0_21_HZJ_93.tgz
71	94	HZJ_el8_amd64_gcc12_CMSSW_14_0_21_HZJ_71.tgz	HZJ_el8_amd64_gcc12_CMSSW_14_0_21_HZJ_94.tgz
71	95	HZJ_el8_amd64_gcc12_CMSSW_14_0_21_HZJ_71.tgz	HZJ_el8_amd64_gcc12_CMSSW_14_0_21_HZJ_95.tgz
72	96	HZJ_el8_amd64_gcc12_CMSSW_14_0_21_HZJ_72.tgz	HZJ_el8_amd64_gcc12_CMSSW_14_0_21_HZJ_96.tgz
72	96	HZJ_el8_amd64_gcc12_CMSSW_14_0_21_HZJ_72.tgz	HZJ_el8_amd64_gcc12_CMSSW_14_0_21_HZJ_96.tgz
73	97	HZJ_el8_amd64_gcc12_CMSSW_14_0_21_HZJ_73.tgz	HZJ_el8_amd64_gcc12_CMSSW_14_0_21_HZJ_97.tgz
73	98	HZJ_el8_amd64_gcc12_CMSSW_14_0_21_HZJ_73.tgz	HZJ_el8_amd64_gcc12_CMSSW_14_0_21_HZJ_98.tgz
74	99	HZJ_el8_amd64_gcc12_CMSSW_14_0_21_HZJ_74.tgz	HZJ_el8_amd64_gcc12_CMSSW_14_0_21_HZJ_99.tgz
74	100	HZJ_el8_amd64_gcc12_CMSSW_14_0_21_HZJ_74.tgz	HZJ_el8_amd64_gcc12_CMSSW_14_0_21_HZJ_100.tgz
75	101	HZJ_el8_amd64_gcc12_CMSSW_14_0_21_HZJ_75.tgz	HZJ_el8_amd64_gcc12_CMSSW_14_0_21_HZJ_101.tgz
76	102	HZJ_el8_amd64_gcc12_CMSSW_14_0_21_HZJ_76.tgz	HZJ_el8_amd64_gcc12_CMSSW_14_0_21_HZJ_102.tgz
76	103	HZJ_el8_amd64_gcc12_CMSSW_14_0_21_HZJ_76.tgz	HZJ_el8_amd64_gcc12_CMSSW_14_0_21_HZJ_103.tgz
77	104	HZJ_el8_amd64_gcc12_CMSSW_14_0_21_HZJ_77.tgz	HZJ_el8_amd64_gcc12_CMSSW_14_0_21_HZJ_104.tgz
77	105	HZJ_el8_amd64_gcc12_CMSSW_14_0_21_HZJ_77.tgz	HZJ_el8_amd64_gcc12_CMSSW_14_0_21_HZJ_105.tgz
78	106	HZJ_el8_amd64_gcc12_CMSSW_14_0_21_HZJ_78.tgz	HZJ_el8_amd64_gcc12_CMSSW_14_0_21_HZJ_106.tgz
78	107	HZJ_el8_amd64_gcc12_CMSSW_14_0_21_HZJ_78.tgz	HZJ_el8_amd64_gcc12_CMSSW_14_0_21_HZJ_107.tgz
79	108	HZJ_el8_amd64_gcc12_CMSSW_14_0_21_HZJ_79.tgz	HZJ_el8_amd64_gcc12_CMSSW_14_0_21_HZJ_108.tgz
80	109	HZJ_el8_amd64_gcc12_CMSSW_14_0_21_HZJ_80.tgz	HZJ_el8_amd64_gcc12_CMSSW_14_0_21_HZJ_109.tgz
80	110	HZJ_el8_amd64_gcc12_CMSSW_14_0_21_HZJ_80.tgz	HZJ_el8_amd64_gcc12_CMSSW_14_0_21_HZJ_110.tgz
81	111	HZJ_el8_amd64_gcc12_CMSSW_14_0_21_HZJ_81.tgz	HZJ_el8_amd64_gcc12_CMSSW_14_0_21_HZJ_111.tgz
82	113	HZJ_el8_amd64_gcc12_CMSSW_14_0_21_HZJ_82.tgz	HZJ_el8_amd64_gcc12_CMSSW_14_0_21_HZJ_113.tgz
82	114	HZJ_el8_amd64_gcc12_CMSSW_14_0_21_HZJ_82.tgz	HZJ_el8_amd64_gcc12_CMSSW_14_0_21_HZJ_114.tgz
83	115	HZJ_el8_amd64_gcc12_CMSSW_14_0_21_HZJ_83.tgz	HZJ_el8_amd64_gcc12_CMSSW_14_0_21_HZJ_115.tgz
84	116	HZJ_el8_amd64_gcc12_CMSSW_14_0_21_HZJ_84.tgz	HZJ_el8_amd64_gcc12_CMSSW_14_0_21_HZJ_116.tgz
84	117	HZJ_el8_amd64_gcc12_CMSSW_14_0_21_HZJ_84.tgz	HZJ_el8_amd64_gcc12_CMSSW_14_0_21_HZJ_117.tgz
85	118	HZJ_el8_amd64_gcc12_CMSSW_14_0_21_HZJ_85.tgz	HZJ_el8_amd64_gcc12_CMSSW_14_0_21_HZJ_118.tgz
86	120	HZJ_el8_amd64_gcc12_CMSSW_14_0_21_HZJ_86.tgz	HZJ_el8_amd64_gcc12_CMSSW_14_0_21_HZJ_120.tgz
87	121	HZJ_el8_amd64_gcc12_CMSSW_14_0_21_HZJ_87.tgz	HZJ_el8_amd64_gcc12_CMSSW_14_0_21_HZJ_121.tgz
87	122	HZJ_el8_amd64_gcc12_CMSSW_14_0_21_HZJ_87.tgz	HZJ_el8_amd64_gcc12_CMSSW_14_0_21_HZJ_122.tgz
88	123	HZJ_el8_amd64_gcc12_CMSSW_14_0_21_HZJ_88.tgz	HZJ_el8_amd64_gcc12_CMSSW_14_0_21_HZJ_123.tgz
89	125	HZJ_el8_amd64_gcc12_CMSSW_14_0_21_HZJ_89.tgz	HZJ_el8_amd64_gcc12_CMSSW_14_0_21_HZJ_125.tgz
90	126	HZJ_el8_amd64_gcc12_CMSSW_14_0_21_HZJ_90.tgz	HZJ_el8_amd64_gcc12_CMSSW_14_0_21_HZJ_126.tgz
90	127	HZJ_el8_amd64_gcc12_CMSSW_14_0_21_HZJ_90.tgz	HZJ_el8_amd64_gcc12_CMSSW_14_0_21_HZJ_127.tgz
91	129	HZJ_el8_amd64_gcc12_CMSSW_14_0_21_HZJ_91.tgz	HZJ_el8_amd64_gcc12_CMSSW_14_0_21_HZJ_129.tgz
92	130	HZJ_el8_amd64_gcc12_CMSSW_14_0_21_HZJ_92.tgz	HZJ_el8_amd64_gcc12_CMSSW_14_0_21_HZJ_130.tgz
93	131	HZJ_el8_amd64_gcc12_CMSSW_14_0_21_HZJ_93.tgz	HZJ_el8_amd64_gcc12_CMSSW_14_0_21_HZJ_131.tgz
94	133	HZJ_el8_amd64_gcc12_CMSSW_14_0_21_HZJ_94.tgz	HZJ_el8_amd64_gcc12_CMSSW_14_0_21_HZJ_133.tgz
95	134	HZJ_el8_amd64_gcc12_CMSSW_14_0_21_HZJ_95.tgz	HZJ_el8_amd64_gcc12_CMSSW_14_0_21_HZJ_134.tgz
96	135	HZJ_el8_amd64_gcc12_CMSSW_14_0_21_HZJ_96.tgz	HZJ_el8_amd64_gcc12_CMSSW_14_0_21_HZJ_135.tgz
96	137	HZJ_el8_amd64_gcc12_CMSSW_14_0_21_HZJ_96.tgz	HZJ_el8_amd64_gcc12_CMSSW_14_0_21_HZJ_137.tgz
97	138	HZJ_el8_amd64_gcc12_CMSSW_14_0_21_HZJ_97.tgz	HZJ_el8_amd64_gcc12_CMSSW_14_0_21_HZJ_138.tgz
98	140	HZJ_el8_amd64_gcc12_CMSSW_14_0_21_HZJ_98.tgz	HZJ_el8_amd64_gcc12_CMSSW_14_0_21_HZJ_140.tgz
99	141	HZJ_el8_amd64_gcc12_CMSSW_14_0_21_HZJ_99.tgz	HZJ_el8_amd64_gcc12_CMSSW_14_0_21_HZJ_141.tgz
100	143	HZJ_el8_amd64_gcc12_CMSSW_14_0_21_HZJ_100.tgz	HZJ_el8_amd64_gcc12_CMSSW_14_0_21_HZJ_143.tgz
101	144	HZJ_el8_amd64_gcc12_CMSSW_14_0_21_HZJ_101.tgz	HZJ_el8_amd64_gcc12_CMSSW_14_0_21_HZJ_144.tgz
102	146	HZJ_el8_amd64_gcc12_CMSSW_14_0_21_HZJ_102.tgz	HZJ_el8_amd64_gcc12_CMSSW_14_0_21_HZJ_146.tgz
103	147	HZJ_el8_amd64_gcc12_CMSSW_14_0_21_HZJ_103.tgz	HZJ_el8_amd64_gcc12_CMSSW_14_0_21_HZJ_147.tgz
104	149	HZJ_el8_amd64_gcc12_CMSSW_14_0_21_HZJ_104.tgz	HZJ_el8_amd64_gcc12_CMSSW_14_0_21_HZJ_149.tgz
105	150	HZJ_el8_amd64_gcc12_CMSSW_14_0_21_HZJ_105.tgz	HZJ_el8_amd64_gcc12_CMSSW_14_0_21_HZJ_150.tgz
106	152	HZJ_el8_amd64_gcc12_CMSSW_14_0_21_HZJ_106.tgz	HZJ_el8_amd64_gcc12_CMSSW_14_0_21_HZJ_152.tgz
107	154	HZJ_el8_amd64_gcc12_CMSSW_14_0_21_HZJ_107.tgz	HZJ_el8_amd64_gcc12_CMSSW_14_0_21_HZJ_154.tgz
108	155	HZJ_el8_amd64_gcc12_CMSSW_14_0_21_HZJ_108.tgz	HZJ_el8_amd64_gcc12_CMSSW_14_0_21_HZJ_155.tgz
109	157	HZJ_el8_amd64_gcc12_CMSSW_14_0_21_HZJ_109.tgz	HZJ_el8_amd64_gcc12_CMSSW_14_0_21_HZJ_157.tgz
111	158	HZJ_el8_amd64_gcc12_CMSSW_14_0_21_HZJ_111.tgz	HZJ_el8_amd64_gcc12_CMSSW_14_0_21_HZJ_158.tgz
112	160	HZJ_el8_amd64_gcc12_CMSSW_14_0_21_HZJ_112.tgz	HZJ_el8_amd64_gcc12_CMSSW_14_0_21_HZJ_160.tgz
113	162	HZJ_el8_amd64_gcc12_CMSSW_14_0_21_HZJ_113.tgz	HZJ_el8_amd64_gcc12_CMSSW_14_0_21_HZJ_162.tgz
114	163	HZJ_el8_amd64_gcc12_CMSSW_14_0_21_HZJ_114.tgz	HZJ_el8_amd64_gcc12_CMSSW_14_0_21_HZJ_163.tgz
115	165	HZJ_el8_amd64_gcc12_CMSSW_14_0_21_HZJ_115.tgz	HZJ_el8_amd64_gcc12_CMSSW_14_0_21_HZJ_165.tgz
117	167	HZJ_el8_amd64_gcc12_CMSSW_14_0_21_HZJ_117.tgz	HZJ_el8_amd64_gcc12_CMSSW_14_0_21_HZJ_167.tgz
118	169	HZJ_el8_amd64_gcc12_CMSSW_14_0_21_HZJ_118.tgz	HZJ_el8_amd64_gcc12_CMSSW_14_0_21_HZJ_169.tgz
119	170	HZJ_el8_amd64_gcc12_CMSSW_14_0_21_HZJ_119.tgz	HZJ_el8_amd64_gcc12_CMSSW_14_0_21_HZJ_170.tgz
120	172	HZJ_el8_amd64_gcc12_CMSSW_14_0_21_HZJ_120.tgz	HZJ_el8_amd64_gcc12_CMSSW_14_0_21_HZJ_172.tgz
122	174	HZJ_el8_amd64_gcc12_CMSSW_14_0_21_HZJ_122.tgz	HZJ_el8_amd64_gcc12_CMSSW_14_0_21_HZJ_174.tgz
123	175	HZJ_el8_amd64_gcc12_CMSSW_14_0_21_HZJ_123.tgz	HZJ_el8_amd64_gcc12_CMSSW_14_0_21_HZJ_175.tgz
124	177	HZJ_el8_amd64_gcc12_CMSSW_14_0_21_HZJ_124.tgz	HZJ_el8_amd64_gcc12_CMSSW_14_0_21_HZJ_177.tgz
126	179	HZJ_el8_amd64_gcc12_CMSSW_14_0_21_HZJ_126.tgz	HZJ_el8_amd64_gcc12_CMSSW_14_0_21_HZJ_179.tgz
127	181	HZJ_el8_amd64_gcc12_CMSSW_14_0_21_HZJ_127.tgz	HZJ_el8_amd64_gcc12_CMSSW_14_0_21_HZJ_181.tgz
129	182	HZJ_el8_amd64_gcc12_CMSSW_14_0_21_HZJ_129.tgz	HZJ_el8_amd64_gcc12_CMSSW_14_0_21_HZJ_182.tgz
130	184	HZJ_el8_amd64_gcc12_CMSSW_14_0_21_HZJ_130.tgz	HZJ_el8_amd64_gcc12_CMSSW_14_0_21_HZJ_184.tgz
132	186	HZJ_el8_amd64_gcc12_CMSSW_14_0_21_HZJ_132.tgz	HZJ_el8_amd64_gcc12_CMSSW_14_0_21_HZJ_186.tgz
133	188	HZJ_el8_amd64_gcc12_CMSSW_14_0_21_HZJ_133.tgz	HZJ_el8_amd64_gcc12_CMSSW_14_0_21_HZJ_188.tgz
135	190	HZJ_el8_amd64_gcc12_CMSSW_14_0_21_HZJ_135.tgz	HZJ_el8_amd64_gcc12_CMSSW_14_0_21_HZJ_190.tgz
136	192	HZJ_el8_amd64_gcc12_CMSSW_14_0_21_HZJ_136.tgz	HZJ_el8_amd64_gcc12_CMSSW_14_0_21_HZJ_192.tgz
138	193	HZJ_el8_amd64_gcc12_CMSSW_14_0_21_HZJ_138.tgz	HZJ_el8_amd64_gcc12_CMSSW_14_0_21_HZJ_193.tgz
139	195	HZJ_el8_amd64_gcc12_CMSSW_14_0_21_HZJ_139.tgz	HZJ_el8_amd64_gcc12_CMSSW_14_0_21_HZJ_195.tgz
141	197	HZJ_el8_amd64_gcc12_CMSSW_14_0_21_HZJ_141.tgz	HZJ_el8_amd64_gcc12_CMSSW_14_0_21_HZJ_197.tgz
143	199	HZJ_el8_amd64_gcc12_CMSSW_14_0_21_HZJ_143.tgz	HZJ_el8_amd64_gcc12_CMSSW_14_0_21_HZJ_199.tgz
144	201	HZJ_el8_amd64_gcc12_CMSSW_14_0_21_HZJ_144.tgz	HZJ_el8_amd64_gcc12_CMSSW_14_0_21_HZJ_201.tgz
146	203	HZJ_el8_amd64_gcc12_CMSSW_14_0_21_HZJ_146.tgz	HZJ_el8_amd64_gcc12_CMSSW_14_0_21_HZJ_203.tgz
148	205	HZJ_el8_amd64_gcc12_CMSSW_14_0_21_HZJ_148.tgz	HZJ_el8_amd64_gcc12_CMSSW_14_0_21_HZJ_205.tgz
150	207	HZJ_el8_amd64_gcc12_CMSSW_14_0_21_HZJ_150.tgz	HZJ_el8_amd64_gcc12_CMSSW_14_0_21_HZJ_207.tgz
151	208	HZJ_el8_amd64_gcc12_CMSSW_14_0_21_HZJ_151.tgz	HZJ_el8_amd64_gcc12_CMSSW_14_0_21_HZJ_208.tgz
153	210	HZJ_el8_amd64_gcc12_CMSSW_14_0_21_HZJ_153.tgz	HZJ_el8_amd64_gcc12_CMSSW_14_0_21_HZJ_210.tgz
155	212	HZJ_el8_amd64_gcc12_CMSSW_14_0_21_HZJ_155.tgz	HZJ_el8_amd64_gcc12_CMSSW_14_0_21_HZJ_212.tgz
157	214	HZJ_el8_amd64_gcc12_CMSSW_14_0_21_HZJ_157.tgz	HZJ_el8_amd64_gcc12_CMSSW_14_0_21_HZJ_214.tgz
159	216	HZJ_el8_amd64_gcc12_CMSSW_14_0_21_HZJ_159.tgz	HZJ_el8_amd64_gcc12_CMSSW_14_0_21_HZJ_216.tgz
161	218	HZJ_el8_amd64_gcc12_CMSSW_14_0_21_HZJ_161.tgz	HZJ_el8_amd64_gcc12_CMSSW_14_0_21_HZJ_218.tgz
163	220	HZJ_el8_amd64_gcc12_CMSSW_14_0_21_HZJ_163.tgz	HZJ_el8_amd64_gcc12_CMSSW_14_0_21_HZJ_220.tgz
165	222	HZJ_el8_amd64_gcc12_CMSSW_14_0_21_HZJ_165.tgz	HZJ_el8_amd64_gcc12_CMSSW_14_0_21_HZJ_222.tgz
166	224	HZJ_el8_amd64_gcc12_CMSSW_14_0_21_HZJ_166.tgz	HZJ_el8_amd64_gcc12_CMSSW_14_0_21_HZJ_224.tgz
168	225	HZJ_el8_amd64_gcc12_CMSSW_14_0_21_HZJ_168.tgz	HZJ_el8_amd64_gcc12_CMSSW_14_0_21_HZJ_225.tgz
171	227	HZJ_el8_amd64_gcc12_CMSSW_14_0_21_HZJ_171.tgz	HZJ_el8_amd64_gcc12_CMSSW_14_0_21_HZJ_227.tgz
173	229	HZJ_el8_amd64_gcc12_CMSSW_14_0_21_HZJ_173.tgz	HZJ_el8_amd64_gcc12_CMSSW_14_0_21_HZJ_229.tgz
175	231	HZJ_el8_amd64_gcc12_CMSSW_14_0_21_HZJ_175.tgz	HZJ_el8_amd64_gcc12_CMSSW_14_0_21_HZJ_231.tgz
177	233	HZJ_el8_amd64_gcc12_CMSSW_14_0_21_HZJ_177.tgz	HZJ_el8_amd64_gcc12_CMSSW_14_0_21_HZJ_233.tgz
179	235	HZJ_el8_amd64_gcc12_CMSSW_14_0_21_HZJ_179.tgz	HZJ_el8_amd64_gcc12_CMSSW_14_0_21_HZJ_235.tgz
181	237	HZJ_el8_amd64_gcc12_CMSSW_14_0_21_HZJ_181.tgz	HZJ_el8_amd64_gcc12_CMSSW_14_0_21_HZJ_237.tgz
183	239	HZJ_el8_amd64_gcc12_CMSSW_14_0_21_HZJ_183.tgz	HZJ_el8_amd64_gcc12_CMSSW_14_0_21_HZJ_239.tgz
185	241	HZJ_el8_amd64_gcc12_CMSSW_14_0_21_HZJ_185.tgz	HZJ_el8_amd64_gcc12_CMSSW_14_0_21_HZJ_241.tgz
187	243	HZJ_el8_amd64_gcc12_CMSSW_14_0_21_HZJ_187.tgz	HZJ_el8_amd64_gcc12_CMSSW_14_0_21_HZJ_243.tgz
190	244	HZJ_el8_amd64_gcc12_CMSSW_14_0_21_HZJ_190.tgz	HZJ_el8_amd64_gcc12_CMSSW_14_0_21_HZJ_244.tgz
192	246	HZJ_el8_amd64_gcc12_CMSSW_14_0_21_HZJ_192.tgz	HZJ_el8_amd64_gcc12_CMSSW_14_0_21_HZJ_246.tgz
194	248	HZJ_el8_amd64_gcc12_CMSSW_14_0_21_HZJ_194.tgz	HZJ_el8_amd64_gcc12_CMSSW_14_0_21_HZJ_248.tgz
196	250	HZJ_el8_amd64_gcc12_CMSSW_14_0_21_HZJ_196.tgz	HZJ_el8_amd64_gcc12_CMSSW_14_0_21_HZJ_250.tgz
199	252	HZJ_el8_amd64_gcc12_CMSSW_14_0_21_HZJ_199.tgz	HZJ_el8_amd64_gcc12_CMSSW_14_0_21_HZJ_252.tgz
201	254	HZJ_el8_amd64_gcc12_CMSSW_14_0_21_HZJ_201.tgz	HZJ_el8_amd64_gcc12_CMSSW_14_0_21_HZJ_254.tgz
203	256	HZJ_el8_amd64_gcc12_CMSSW_14_0_21_HZJ_203.tgz	HZJ_el8_amd64_gcc12_CMSSW_14_0_21_HZJ_256.tgz
206	257	HZJ_el8_amd64_gcc12_CMSSW_14_0_21_HZJ_206.tgz	HZJ_el8_amd64_gcc12_CMSSW_14_0_21_HZJ_257.tgz
208	259	HZJ_el8_amd64_gcc12_CMSSW_14_0_21_HZJ_208.tgz	HZJ_el8_amd64_gcc12_CMSSW_14_0_21_HZJ_259.tgz
211	261	HZJ_el8_amd64_gcc12_CMSSW_14_0_21_HZJ_211.tgz	HZJ_el8_amd64_gcc12_CMSSW_14_0_21_HZJ_261.tgz
213	263	HZJ_el8_amd64_gcc12_CMSSW_14_0_21_HZJ_213.tgz	HZJ_el8_amd64_gcc12_CMSSW_14_0_21_HZJ_263.tgz
215	265	HZJ_el8_amd64_gcc12_CMSSW_14_0_21_HZJ_215.tgz	HZJ_el8_amd64_gcc12_CMSSW_14_0_21_HZJ_265.tgz
218	266	HZJ_el8_amd64_gcc12_CMSSW_14_0_21_HZJ_218.tgz	HZJ_el8_amd64_gcc12_CMSSW_14_0_21_HZJ_266.tgz
220	268	HZJ_el8_amd64_gcc12_CMSSW_14_0_21_HZJ_220.tgz	HZJ_el8_amd64_gcc12_CMSSW_14_0_21_HZJ_268.tgz
223	270	HZJ_el8_amd64_gcc12_CMSSW_14_0_21_HZJ_223.tgz	HZJ_el8_amd64_gcc12_CMSSW_14_0_21_HZJ_270.tgz
225	272	HZJ_el8_amd64_gcc12_CMSSW_14_0_21_HZJ_225.tgz	HZJ_el8_amd64_gcc12_CMSSW_14_0_21_HZJ_272.tgz
228	274	HZJ_el8_amd64_gcc12_CMSSW_14_0_21_HZJ_228.tgz	HZJ_el8_amd64_gcc12_CMSSW_14_0_21_HZJ_274.tgz
230	275	HZJ_el8_amd64_gcc12_CMSSW_14_0_21_HZJ_230.tgz	HZJ_el8_amd64_gcc12_CMSSW_14_0_21_HZJ_275.tgz
233	277	HZJ_el8_amd64_gcc12_CMSSW_14_0_21_HZJ_233.tgz	HZJ_el8_amd64_gcc12_CMSSW_14_0_21_HZJ_277.tgz
235	279	HZJ_el8_amd64_gcc12_CMSSW_14_0_21_HZJ_235.tgz	HZJ_el8_amd64_gcc12_CMSSW_14_0_21_HZJ_279.tgz
237	280	HZJ_el8_amd64_gcc12_CMSSW_14_0_21_HZJ_237.tgz	HZJ_el8_amd64_gcc12_CMSSW_14_0_21_HZJ_280.tgz
240	282	HZJ_el8_amd64_gcc12_CMSSW_14_0_21_HZJ_240.tgz	HZJ_el8_amd64_gcc12_CMSSW_14_0_21_HZJ_282.tgz
242	284	HZJ_el8_amd64_gcc12_CMSSW_14_0_21_HZJ_242.tgz	HZJ_el8_amd64_gcc12_CMSSW_14_0_21_HZJ_284.tgz
245	286	HZJ_el8_amd64_gcc12_CMSSW_14_0_21_HZJ_245.tgz	HZJ_el8_amd64_gcc12_CMSSW_14_0_21_HZJ_286.tgz
247	287	HZJ_el8_amd64_gcc12_CMSSW_14_0_21_HZJ_247.tgz	HZJ_el8_amd64_gcc12_CMSSW_14_0_21_HZJ_287.tgz
250	289	HZJ_el8_amd64_gcc12_CMSSW_14_0_21_HZJ_250.tgz	HZJ_el8_amd64_gcc12_CMSSW_14_0_21_HZJ_289.tgz
252	291	HZJ_el8_amd64_gcc12_CMSSW_14_0_21_HZJ_252.tgz	HZJ_el8_amd64_gcc12_CMSSW_14_0_21_HZJ_291.tgz
255	292	HZJ_el8_amd64_gcc12_CMSSW_14_0_21_HZJ_255.tgz	HZJ_el8_amd64_gcc12_CMSSW_14_0_21_HZJ_292.tgz
257	294	HZJ_el8_amd64_gcc12_CMSSW_14_0_21_HZJ_257.tgz	HZJ_el8_amd64_gcc12_CMSSW_14_0_21_HZJ_294.tgz
260	296	HZJ_el8_amd64_gcc12_CMSSW_14_0_21_HZJ_260.tgz	HZJ_el8_amd64_gcc12_CMSSW_14_0_21_HZJ_296.tgz
262	297	HZJ_el8_amd64_gcc12_CMSSW_14_0_21_HZJ_262.tgz	HZJ_el8_amd64_gcc12_CMSSW_14_0_21_HZJ_297.tgz
265	299	HZJ_el8_amd64_gcc12_CMSSW_14_0_21_HZJ_265.tgz	HZJ_el8_amd64_gcc12_CMSSW_14_0_21_HZJ_299.tgz
267	301	HZJ_el8_amd64_gcc12_CMSSW_14_0_21_HZJ_267.tgz	HZJ_el8_amd64_gcc12_CMSSW_14_0_21_HZJ_301.tgz
270	302	HZJ_el8_amd64_gcc12_CMSSW_14_0_21_HZJ_270.tgz	HZJ_el8_amd64_gcc12_CMSSW_14_0_21_HZJ_302.tgz
273	304	HZJ_el8_amd64_gcc12_CMSSW_14_0_21_HZJ_273.tgz	HZJ_el8_amd64_gcc12_CMSSW_14_0_21_HZJ_304.tgz
275	306	HZJ_el8_amd64_gcc12_CMSSW_14_0_21_HZJ_275.tgz	HZJ_el8_amd64_gcc12_CMSSW_14_0_21_HZJ_306.tgz
278	307	HZJ_el8_amd64_gcc12_CMSSW_14_0_21_HZJ_278.tgz	HZJ_el8_amd64_gcc12_CMSSW_14_0_21_HZJ_307.tgz
280	309	HZJ_el8_amd64_gcc12_CMSSW_14_0_21_HZJ_280.tgz	HZJ_el8_amd64_gcc12_CMSSW_14_0_21_HZJ_309.tgz
283	311	HZJ_el8_amd64_gcc12_CMSSW_14_0_21_HZJ_283.tgz	HZJ_el8_amd64_gcc12_CMSSW_14_0_21_HZJ_311.tgz
285	312	HZJ_el8_amd64_gcc12_CMSSW_14_0_21_HZJ_285.tgz	HZJ_el8_amd64_gcc12_CMSSW_14_0_21_HZJ_312.tgz
288	314	HZJ_el8_amd64_gcc12_CMSSW_14_0_21_HZJ_288.tgz	HZJ_el8_amd64_gcc12_CMSSW_14_0_21_HZJ_314.tgz
290	316	HZJ_el8_amd64_gcc12_CMSSW_14_0_21_HZJ_290.tgz	HZJ_el8_amd64_gcc12_CMSSW_14_0_21_HZJ_316.tgz
293	317	HZJ_el8_amd64_gcc12_CMSSW_14_0_21_HZJ_293.tgz	HZJ_el8_amd64_gcc12_CMSSW_14_0_21_HZJ_317.tgz
296	319	HZJ_el8_amd64_gcc12_CMSSW_14_0_21_HZJ_296.tgz	HZJ_el8_amd64_gcc12_CMSSW_14_0_21_HZJ_319.tgz
298	320	HZJ_el8_amd64_gcc12_CMSSW_14_0_21_HZJ_298.tgz	HZJ_el8_amd64_gcc12_CMSSW_14_0_21_HZJ_320.tgz
301	322	HZJ_el8_amd64_gcc12_CMSSW_14_0_21_HZJ_301.tgz	HZJ_el8_amd64_gcc12_CMSSW_14_0_21_HZJ_322.tgz
304	324	HZJ_el8_amd64_gcc12_CMSSW_14_0_21_HZJ_304.tgz	HZJ_el8_amd64_gcc12_CMSSW_14_0_21_HZJ_324.tgz
306	325	HZJ_el8_amd64_gcc12_CMSSW_14_0_21_HZJ_306.tgz	HZJ_el8_amd64_gcc12_CMSSW_14_0_21_HZJ_325.tgz
309	327	HZJ_el8_amd64_gcc12_CMSSW_14_0_21_HZJ_309.tgz	HZJ_el8_amd64_gcc12_CMSSW_14_0_21_HZJ_327.tgz
311	328	HZJ_el8_amd64_gcc12_CMSSW_14_0_21_HZJ_311.tgz	HZJ_el8_amd64_gcc12_CMSSW_14_0_21_HZJ_328.tgz
314	330	HZJ_el8_amd64_gcc12_CMSSW_14_0_21_HZJ_314.tgz	HZJ_el8_amd64_gcc12_CMSSW_14_0_21_HZJ_330.tgz
317	331	HZJ_el8_amd64_gcc12_CMSSW_14_0_21_HZJ_317.tgz	HZJ_el8_amd64_gcc12_CMSSW_14_0_21_HZJ_331.tgz
319	333	HZJ_el8_amd64_gcc12_CMSSW_14_0_21_HZJ_319.tgz	HZJ_el8_amd64_gcc12_CMSSW_14_0_21_HZJ_333.tgz
322	334	HZJ_el8_amd64_gcc12_CMSSW_14_0_21_HZJ_322.tgz	HZJ_el8_amd64_gcc12_CMSSW_14_0_21_HZJ_334.tgz
325	336	HZJ_el8_amd64_gcc12_CMSSW_14_0_21_HZJ_325.tgz	HZJ_el8_amd64_gcc12_CMSSW_14_0_21_HZJ_336.tgz
327	338	HZJ_el8_amd64_gcc12_CMSSW_14_0_21_HZJ_327.tgz	HZJ_el8_amd64_gcc12_CMSSW_14_0_21_HZJ_338.tgz
330	339	HZJ_el8_amd64_gcc12_CMSSW_14_0_21_HZJ_330.tgz	HZJ_el8_amd64_gcc12_CMSSW_14_0_21_HZJ_339.tgz
333	341	HZJ_el8_amd64_gcc12_CMSSW_14_0_21_HZJ_333.tgz	HZJ_el8_amd64_gcc12_CMSSW_14_0_21_HZJ_341.tgz
335	342	HZJ_el8_amd64_gcc12_CMSSW_14_0_21_HZJ_335.tgz	HZJ_el8_amd64_gcc12_CMSSW_14_0_21_HZJ_342.tgz
338	344	HZJ_el8_amd64_gcc12_CMSSW_14_0_21_HZJ_338.tgz	HZJ_el8_amd64_gcc12_CMSSW_14_0_21_HZJ_344.tgz
341	345	HZJ_el8_amd64_gcc12_CMSSW_14_0_21_HZJ_341.tgz	HZJ_el8_amd64_gcc12_CMSSW_14_0_21_HZJ_345.tgz
344	347	HZJ_el8_amd64_gcc12_CMSSW_14_0_21_HZJ_344.tgz	HZJ_el8_amd64_gcc12_CMSSW_14_0_21_HZJ_347.tgz
346	348	HZJ_el8_amd64_gcc12_CMSSW_14_0_21_HZJ_346.tgz	HZJ_el8_amd64_gcc12_CMSSW_14_0_21_HZJ_348.tgz
349	350	HZJ_el8_amd64_gcc12_CMSSW_14_0_21_HZJ_349.tgz	HZJ_el8_amd64_gcc12_CMSSW_14_0_21_HZJ_350.tgz
